mean_fit_time,std_fit_time,mean_score_time,std_score_time,param_colsample_bylevel,param_colsample_bynode,param_colsample_bytree,param_gamma,param_learning_rate,param_max_depth,param_n_estimators,param_reg_alpha,param_reg_lambda,param_subsample,params,split0_test_score,split1_test_score,split2_test_score,split3_test_score,split4_test_score,mean_test_score,std_test_score,rank_test_score,split0_train_score,split1_train_score,split2_train_score,split3_train_score,split4_train_score,mean_train_score,std_train_score
1.930894136428833,0.02633398439066498,0.07350473403930664,0.006518044281469182,0.965866658131705,0.7501737417079617,0.6092088032688446,1.0362054522887276,0.08079843918731157,28,86,0.5097544679840338,1.1250180071902922,0.6361128185449608,"{'colsample_bylevel': 0.965866658131705, 'colsample_bynode': 0.7501737417079617, 'colsample_bytree': 0.6092088032688446, 'gamma': 1.0362054522887276, 'learning_rate': 0.08079843918731157, 'max_depth': 28, 'n_estimators': 86, 'reg_alpha': 0.5097544679840338, 'reg_lambda': 1.1250180071902922, 'subsample': 0.6361128185449608}",0.8630952380952381,0.8723544973544973,0.8604497354497355,0.8697089947089947,0.8571428571428571,0.8645502645502644,0.005680135067085676,50,0.9389054232804233,0.937417328042328,0.9387400793650794,0.9380787037037037,0.9398148148148148,0.9385912698412697,0.0008073118793474566
1.9790558815002441,0.09489043421863556,0.08684115409851074,0.0056492533398083515,0.61663987300888,0.6455926666911286,0.8577663891412668,0.6160943549320554,0.06116042418557299,43,88,1.674607440177378,1.6783679999698058,0.6474235164029148,"{'colsample_bylevel': 0.61663987300888, 'colsample_bynode': 0.6455926666911286, 'colsample_bytree': 0.8577663891412668, 'gamma': 0.6160943549320554, 'learning_rate': 0.06116042418557299, 'max_depth': 43, 'n_estimators': 88, 'reg_alpha': 1.674607440177378, 'reg_lambda': 1.6783679999698058, 'subsample': 0.6474235164029148}",0.8505291005291006,0.8505291005291006,0.8458994708994709,0.853505291005291,0.8452380952380952,0.8491402116402117,0.0031190016197226596,79,0.9164186507936508,0.9143518518518519,0.9154265873015873,0.9156746031746031,0.9155919312169312,0.915492724867725,0.0006642628778637774
2.0850197315216064,0.08500655217520497,0.07500834465026855,0.0036375709225551656,0.947687914207515,0.8644739759610502,0.6008620802397907,1.7028237283012484,0.0615981632830771,36,133,0.714311676959448,1.1485127663805343,0.8364975170370567,"{'colsample_bylevel': 0.947687914207515, 'colsample_bynode': 0.8644739759610502, 'colsample_bytree': 0.6008620802397907, 'gamma': 1.7028237283012484, 'learning_rate': 0.0615981632830771, 'max_depth': 36, 'n_estimators': 133, 'reg_alpha': 0.714311676959448, 'reg_lambda': 1.1485127663805343, 'subsample': 0.8364975170370567}",0.8597883597883598,0.8611111111111112,0.8525132275132276,0.8601190476190477,0.8468915343915344,0.856084656084656,0.005523179787331471,66,0.921792328042328,0.91807208994709,0.9206349206349206,0.921792328042328,0.9187334656084656,0.9202050264550264,0.001545235977838086
1.2633132457733154,0.040261840260940096,0.042461729049682616,0.004382063723456142,0.9795646728705797,0.9105810361584719,0.9543836564965038,1.84680668316894,0.08510699711407896,32,50,0.8595069706744354,1.0775435826292183,0.7423147307121407,"{'colsample_bylevel': 0.9795646728705797, 'colsample_bynode': 0.9105810361584719, 'colsample_bytree': 0.9543836564965038, 'gamma': 1.84680668316894, 'learning_rate': 0.08510699711407896, 'max_depth': 32, 'n_estimators': 50, 'reg_alpha': 0.8595069706744354, 'reg_lambda': 1.0775435826292183, 'subsample': 0.7423147307121407}",0.853505291005291,0.8518518518518519,0.8432539682539683,0.855489417989418,0.8482142857142857,0.850462962962963,0.004323798711291325,76,0.9147652116402116,0.9083994708994709,0.9137731481481481,0.9147652116402116,0.9136078042328042,0.9130621693121693,0.002380952380952364
1.6256916999816895,0.032850493268988826,0.062049055099487306,0.006859478379091213,0.6653225468892905,0.7505292868464264,0.6443595540531647,1.3357122395558052,0.0877430838206187,19,117,0.7205773258070147,1.502459692266987,0.8868049711077335,"{'colsample_bylevel': 0.6653225468892905, 'colsample_bynode': 0.7505292868464264, 'colsample_bytree': 0.6443595540531647, 'gamma': 1.3357122395558052, 'learning_rate': 0.0877430838206187, 'max_depth': 19, 'n_estimators': 117, 'reg_alpha': 0.7205773258070147, 'reg_lambda': 1.502459692266987, 'subsample': 0.8868049711077335}",0.8607804232804233,0.8621031746031746,0.8508597883597884,0.8591269841269841,0.8505291005291006,0.8566798941798941,0.0049783622398303605,64,0.925760582010582,0.9193121693121693,0.9240244708994709,0.9264219576719577,0.9235284391534392,0.9238095238095239,0.002489290947227552
2.527394104003906,0.01839615653823821,0.10769009590148926,0.009790645320325017,0.6435965498272906,0.7633231042671362,0.8435572905188433,0.2121323963584132,0.1292126989393541,41,98,0.5819177348346314,0.4874108801260626,0.6213181047550981,"{'colsample_bylevel': 0.6435965498272906, 'colsample_bynode': 0.7633231042671362, 'colsample_bytree': 0.8435572905188433, 'gamma': 0.2121323963584132, 'learning_rate': 0.1292126989393541, 'max_depth': 41, 'n_estimators': 98, 'reg_alpha': 0.5819177348346314, 'reg_lambda': 0.4874108801260626, 'subsample': 0.6213181047550981}",0.8773148148148148,0.8819444444444444,0.8852513227513228,0.8875661375661376,0.8759920634920635,0.8816137566137566,0.004446491088352291,10,0.9944609788359788,0.9947916666666666,0.9947089947089947,0.9949570105820106,0.9947089947089947,0.9947255291005291,0.0001603068735918085
1.2791830062866212,0.027589011396040312,0.036707305908203126,0.005225477737636525,0.6883284708984606,0.859428282503038,0.9109106302688476,1.301344024623763,0.14976607141409148,46,92,1.6936454302404063,1.8539352524978643,0.9014076613961106,"{'colsample_bylevel': 0.6883284708984606, 'colsample_bynode': 0.859428282503038, 'colsample_bytree': 0.9109106302688476, 'gamma': 1.301344024623763, 'learning_rate': 0.14976607141409148, 'max_depth': 46, 'n_estimators': 92, 'reg_alpha': 1.6936454302404063, 'reg_lambda': 1.8539352524978643, 'subsample': 0.9014076613961106}",0.8551587301587301,0.8564814814814815,0.8482142857142857,0.8670634920634921,0.8511904761904762,0.855621693121693,0.0064245420341698025,68,0.9201388888888888,0.9170800264550265,0.9204695767195767,0.9212136243386243,0.9192294973544973,0.9196263227513228,0.0014236869637320674
0.7927613258361816,0.03015824961937508,0.030980491638183595,0.0009900881291533415,0.6339684307855735,0.8001095793241252,0.648089609752775,1.751323344267334,0.13646934403139954,17,58,1.8182100073806058,1.7599594560850864,0.8796194806484974,"{'colsample_bylevel': 0.6339684307855735, 'colsample_bynode': 0.8001095793241252, 'colsample_bytree': 0.648089609752775, 'gamma': 1.751323344267334, 'learning_rate': 0.13646934403139954, 'max_depth': 17, 'n_estimators': 58, 'reg_alpha': 1.8182100073806058, 'reg_lambda': 1.7599594560850864, 'subsample': 0.8796194806484974}",0.843915343915344,0.83994708994709,0.8310185185185185,0.8425925925925926,0.8290343915343915,0.8373015873015873,0.00610833327461315,98,0.8873181216931217,0.8850859788359788,0.8897982804232805,0.8883928571428571,0.8851686507936508,0.8871527777777779,0.0018315150801650794
2.1549769401550294,0.057439697368921086,0.06780672073364258,0.00603866219445157,0.7477384733199464,0.8292312718254629,0.9680358885090568,0.5194864159823995,0.1163416482851345,16,92,1.107939287834743,1.6913080867748365,0.870162245458129,"{'colsample_bylevel': 0.7477384733199464, 'colsample_bynode': 0.8292312718254629, 'colsample_bytree': 0.9680358885090568, 'gamma': 0.5194864159823995, 'learning_rate': 0.1163416482851345, 'max_depth': 16, 'n_estimators': 92, 'reg_alpha': 1.107939287834743, 'reg_lambda': 1.6913080867748365, 'subsample': 0.870162245458129}",0.8726851851851852,0.8806216931216931,0.8736772486772487,0.8809523809523809,0.873015873015873,0.8761904761904763,0.0037681004056201194,25,0.9672619047619048,0.9670965608465608,0.9651124338624338,0.9681712962962963,0.9658564814814815,0.9666997354497354,0.0010834758548548824
1.1102476119995117,0.05827696181664593,0.04305419921875,0.009162994587984363,0.8103893107211,0.9631956556478903,0.7136878290532253,1.9270139763544727,0.08317227708096978,23,56,1.4591117483925735,0.332645220126762,0.7091184793330689,"{'colsample_bylevel': 0.8103893107211, 'colsample_bynode': 0.9631956556478903, 'colsample_bytree': 0.7136878290532253, 'gamma': 1.9270139763544727, 'learning_rate': 0.08317227708096978, 'max_depth': 23, 'n_estimators': 56, 'reg_alpha': 1.4591117483925735, 'reg_lambda': 0.332645220126762, 'subsample': 0.7091184793330689}",0.8449074074074074,0.8412698412698413,0.8343253968253969,0.8508597883597884,0.8343253968253969,0.8411375661375662,0.006349206349206342,94,0.8958333333333334,0.8921130952380952,0.8959986772486772,0.8946759259259259,0.8935185185185185,0.8944279100529101,0.0014621488736398288
2.295376348495483,0.056003179879818836,0.07145743370056153,0.009903563192936306,0.9562631131518847,0.8387101583176648,0.8513141149701124,0.510618426054152,0.09690461148122087,23,63,0.3690191143764079,0.3029458993547083,0.7335864423596804,"{'colsample_bylevel': 0.9562631131518847, 'colsample_bynode': 0.8387101583176648, 'colsample_bytree': 0.8513141149701124, 'gamma': 0.510618426054152, 'learning_rate': 0.09690461148122087, 'max_depth': 23, 'n_estimators': 63, 'reg_alpha': 0.3690191143764079, 'reg_lambda': 0.3029458993547083, 'subsample': 0.7335864423596804}",0.8763227513227513,0.8835978835978836,0.8806216931216931,0.8845899470899471,0.8763227513227513,0.8802910052910052,0.0034934160439799833,12,0.984540343915344,0.9861111111111112,0.984375,0.9846230158730159,0.984540343915344,0.984837962962963,0.0006416537007914196
1.1374442100524902,0.05835787147427598,0.041571187973022464,0.0053879212792096705,0.704476871345264,0.6246693577506589,0.8413638083883352,1.776926126427965,0.1375222521169529,24,83,0.37785690526365,1.9611279061870586,0.8359882486249088,"{'colsample_bylevel': 0.704476871345264, 'colsample_bynode': 0.6246693577506589, 'colsample_bytree': 0.8413638083883352, 'gamma': 1.776926126427965, 'learning_rate': 0.1375222521169529, 'max_depth': 24, 'n_estimators': 83, 'reg_alpha': 0.37785690526365, 'reg_lambda': 1.9611279061870586, 'subsample': 0.8359882486249088}",0.8568121693121693,0.853505291005291,0.8396164021164021,0.855489417989418,0.8449074074074074,0.8500661375661377,0.006671703816359,77,0.9112929894179894,0.9083994708994709,0.9118716931216931,0.9118716931216931,0.910135582010582,0.9107142857142858,0.0013196474827536304
1.9749791622161865,0.02556160288639722,0.0771852970123291,0.004644892574737226,0.8620122674411212,0.6134253012462777,0.7917080265848484,0.6033127373042075,0.1387064932191316,17,131,1.8037617753893136,1.580894962064235,0.6375934263115294,"{'colsample_bylevel': 0.8620122674411212, 'colsample_bynode': 0.6134253012462777, 'colsample_bytree': 0.7917080265848484, 'gamma': 0.6033127373042075, 'learning_rate': 0.1387064932191316, 'max_depth': 17, 'n_estimators': 131, 'reg_alpha': 1.8037617753893136, 'reg_lambda': 1.580894962064235, 'subsample': 0.6375934263115294}",0.8604497354497355,0.8673941798941799,0.8660714285714286,0.8697089947089947,0.8630952380952381,0.8653439153439153,0.003249502247761416,47,0.9425429894179894,0.9403935185185185,0.9409722222222222,0.9398974867724867,0.9415509259259259,0.9410714285714284,0.0009211897008719775
2.171495819091797,0.05021034517980245,0.0631833553314209,0.003362469519247881,0.8084813270626384,0.9536111801140514,0.9890063620336916,1.7381024469331945,0.061487858093611104,39,84,0.7507289504425356,0.3988960041241778,0.9602879642088872,"{'colsample_bylevel': 0.8084813270626384, 'colsample_bynode': 0.9536111801140514, 'colsample_bytree': 0.9890063620336916, 'gamma': 1.7381024469331945, 'learning_rate': 0.061487858093611104, 'max_depth': 39, 'n_estimators': 84, 'reg_alpha': 0.7507289504425356, 'reg_lambda': 0.3988960041241778, 'subsample': 0.9602879642088872}",0.861441798941799,0.8650793650793651,0.8584656084656085,0.8660714285714286,0.8607804232804233,0.8623677248677248,0.00281687029617023,54,0.939318783068783,0.9353505291005291,0.9362599206349206,0.9371693121693122,0.9389880952380952,0.937417328042328,0.0015333363914510117
1.4471954345703124,0.0394452159237291,0.04196710586547851,0.0034549490885131865,0.959469973925035,0.9990655649125004,0.8157108731369023,1.1274915722841856,0.13007532378015035,32,61,1.6295432669022312,0.5664830089543809,0.9160360893401479,"{'colsample_bylevel': 0.959469973925035, 'colsample_bynode': 0.9990655649125004, 'colsample_bytree': 0.8157108731369023, 'gamma': 1.1274915722841856, 'learning_rate': 0.13007532378015035, 'max_depth': 32, 'n_estimators': 61, 'reg_alpha': 1.6295432669022312, 'reg_lambda': 0.5664830089543809, 'subsample': 0.9160360893401479}",0.8683862433862434,0.8664021164021164,0.8621031746031746,0.8687169312169312,0.8630952380952381,0.8657407407407408,0.002702753537262207,45,0.939318783068783,0.9362599206349206,0.9360119047619048,0.9378306878306878,0.9361772486772487,0.937119708994709,0.0012803214737173046
1.7806768417358398,0.020194348606716345,0.04739632606506348,0.0027847594372183734,0.8192926503974799,0.9523972296796561,0.9844700364631073,1.749604189228095,0.11014734751227201,38,110,0.49395032349264634,0.784086225708583,0.7917993312069886,"{'colsample_bylevel': 0.8192926503974799, 'colsample_bynode': 0.9523972296796561, 'colsample_bytree': 0.9844700364631073, 'gamma': 1.749604189228095, 'learning_rate': 0.11014734751227201, 'max_depth': 38, 'n_estimators': 110, 'reg_alpha': 0.49395032349264634, 'reg_lambda': 0.784086225708583, 'subsample': 0.7917993312069886}",0.8630952380952381,0.8637566137566137,0.8564814814814815,0.8657407407407407,0.8607804232804233,0.8619708994708996,0.0031690869181774783,55,0.9349371693121693,0.9308035714285714,0.9315476190476191,0.9331183862433863,0.9312169312169312,0.9323247354497355,0.001523139676313045
1.9582623958587646,0.03997289543476864,0.06913595199584961,0.0017410790776894432,0.85632840808646,0.6345766638132347,0.8055583153352781,1.7138806728365994,0.07840720674582448,18,143,1.1700953836748118,1.9091208523285095,0.6117976305997098,"{'colsample_bylevel': 0.85632840808646, 'colsample_bynode': 0.6345766638132347, 'colsample_bytree': 0.8055583153352781, 'gamma': 1.7138806728365994, 'learning_rate': 0.07840720674582448, 'max_depth': 18, 'n_estimators': 143, 'reg_alpha': 1.1700953836748118, 'reg_lambda': 1.9091208523285095, 'subsample': 0.6117976305997098}",0.845568783068783,0.8369708994708994,0.8333333333333334,0.8449074074074074,0.8326719576719577,0.8386904761904763,0.005546887922291461,97,0.8910383597883598,0.8901289682539683,0.8891369047619048,0.8909556878306878,0.8878968253968254,0.8898313492063492,0.0011861049229140873
3.389088678359985,0.07930733464543467,0.09824447631835938,0.005848600629711918,0.8698221481488153,0.9570068250944225,0.8662054695161363,0.7385215636638869,0.08028406412749707,30,141,0.3907190483006808,1.5066020211418591,0.8633466519366477,"{'colsample_bylevel': 0.8698221481488153, 'colsample_bynode': 0.9570068250944225, 'colsample_bytree': 0.8662054695161363, 'gamma': 0.7385215636638869, 'learning_rate': 0.08028406412749707, 'max_depth': 30, 'n_estimators': 141, 'reg_alpha': 0.3907190483006808, 'reg_lambda': 1.5066020211418591, 'subsample': 0.8633466519366477}",0.8802910052910053,0.8796296296296297,0.8792989417989417,0.8855820105820106,0.876984126984127,0.8803571428571428,0.002840067533542846,11,0.9732142857142857,0.972635582010582,0.9723048941798942,0.9724702380952381,0.97255291005291,0.972635582010582,0.000309330141102334
1.9935992240905762,0.05999309520164706,0.068442964553833,0.008824539345608234,0.6031588454472496,0.8494958036809912,0.9375238535015695,0.8031570936943264,0.09944465628960604,43,84,0.14488900086468282,1.2559543533559987,0.9346272673935532,"{'colsample_bylevel': 0.6031588454472496, 'colsample_bynode': 0.8494958036809912, 'colsample_bytree': 0.9375238535015695, 'gamma': 0.8031570936943264, 'learning_rate': 0.09944465628960604, 'max_depth': 43, 'n_estimators': 84, 'reg_alpha': 0.14488900086468282, 'reg_lambda': 1.2559543533559987, 'subsample': 0.9346272673935532}",0.873015873015873,0.8832671957671958,0.8776455026455027,0.8819444444444444,0.8723544973544973,0.8776455026455027,0.004461222739164046,22,0.9736276455026455,0.9748677248677249,0.9720568783068783,0.9731316137566137,0.9724702380952381,0.9732308201058201,0.0009801422179417363
1.7057530879974365,0.04993409158943002,0.055924606323242185,0.0038894861228661436,0.728186318828064,0.6146904907570833,0.6188992943679966,1.093636428367631,0.1345111905738794,38,138,0.5182169033122657,0.03264433338648143,0.6982358816905645,"{'colsample_bylevel': 0.728186318828064, 'colsample_bynode': 0.6146904907570833, 'colsample_bytree': 0.6188992943679966, 'gamma': 1.093636428367631, 'learning_rate': 0.1345111905738794, 'max_depth': 38, 'n_estimators': 138, 'reg_alpha': 0.5182169033122657, 'reg_lambda': 0.03264433338648143, 'subsample': 0.6982358816905645}",0.853505291005291,0.8680555555555556,0.8640873015873016,0.8683862433862434,0.8525132275132276,0.8613095238095237,0.0069510550546461455,56,0.9431216931216931,0.9412202380952381,0.9408068783068783,0.9410548941798942,0.9435350529100529,0.9419477513227512,0.0011424295416749201
1.6481061935424806,0.04108686648856934,0.06061077117919922,0.003223548786390928,0.6950540167124875,0.7601587565438952,0.7558546574700277,1.9053935293216198,0.08272170461759548,27,115,1.4340354783411393,1.7689580200630515,0.869844738331238,"{'colsample_bylevel': 0.6950540167124875, 'colsample_bynode': 0.7601587565438952, 'colsample_bytree': 0.7558546574700277, 'gamma': 1.9053935293216198, 'learning_rate': 0.08272170461759548, 'max_depth': 27, 'n_estimators': 115, 'reg_alpha': 1.4340354783411393, 'reg_lambda': 1.7689580200630515, 'subsample': 0.869844738331238}",0.8425925925925926,0.8422619047619048,0.8366402116402116,0.8472222222222222,0.8343253968253969,0.8406084656084657,0.0045964418925645515,95,0.8946759259259259,0.8928571428571429,0.8964120370370371,0.8953373015873016,0.8946759259259259,0.8947916666666667,0.0011569348997708955
2.1432037353515625,0.025579478440500215,0.07063283920288085,0.002841790592470191,0.7273973607571036,0.7994191722012259,0.8311964978452786,0.7438912474330879,0.11591507248020526,48,123,0.6370892938232138,1.6321271282553422,0.8079535894993892,"{'colsample_bylevel': 0.7273973607571036, 'colsample_bynode': 0.7994191722012259, 'colsample_bytree': 0.8311964978452786, 'gamma': 0.7438912474330879, 'learning_rate': 0.11591507248020526, 'max_depth': 48, 'n_estimators': 123, 'reg_alpha': 0.6370892938232138, 'reg_lambda': 1.6321271282553422, 'subsample': 0.8079535894993892}",0.871031746031746,0.8773148148148148,0.8683862433862434,0.8812830687830688,0.8716931216931217,0.8739417989417989,0.004683174859021298,31,0.9613095238095238,0.9593253968253969,0.9595734126984127,0.9605654761904762,0.9598214285714286,0.9601190476190476,0.0007256318868218141
2.1718783378601074,0.0389091267766541,0.06647844314575195,0.0024913017149394414,0.8887871534217042,0.9122793936892032,0.6753061468069261,0.7360105419265288,0.1264381030457182,42,148,1.5443087627769114,1.7453874261484543,0.869509496272006,"{'colsample_bylevel': 0.8887871534217042, 'colsample_bynode': 0.9122793936892032, 'colsample_bytree': 0.6753061468069261, 'gamma': 0.7360105419265288, 'learning_rate': 0.1264381030457182, 'max_depth': 42, 'n_estimators': 148, 'reg_alpha': 1.5443087627769114, 'reg_lambda': 1.7453874261484543, 'subsample': 0.869509496272006}",0.8697089947089947,0.8693783068783069,0.8697089947089947,0.8690476190476191,0.8637566137566137,0.8683201058201057,0.0022948877741927874,39,0.9478339947089947,0.9449404761904762,0.9446097883597884,0.9462632275132276,0.9447751322751323,0.9456845238095237,0.0012239917674154383
1.9990116119384767,0.030899994802019496,0.06025772094726563,0.003066556645327482,0.747209160514621,0.8709073375634229,0.9273869461883271,0.8436535154730178,0.13317208798527252,49,117,0.5351118210158914,0.8010831739031357,0.7242710713148963,"{'colsample_bylevel': 0.747209160514621, 'colsample_bynode': 0.8709073375634229, 'colsample_bytree': 0.9273869461883271, 'gamma': 0.8436535154730178, 'learning_rate': 0.13317208798527252, 'max_depth': 49, 'n_estimators': 117, 'reg_alpha': 0.5351118210158914, 'reg_lambda': 0.8010831739031357, 'subsample': 0.7242710713148963}",0.8693783068783069,0.8779761904761905,0.8726851851851852,0.8799603174603174,0.8707010582010583,0.8741402116402117,0.0041281710408272955,29,0.9618055555555556,0.9612268518518519,0.9621362433862434,0.9627149470899471,0.9614748677248677,0.9618716931216931,0.000521292419657228
2.19651780128479,0.043771095172844894,0.07142906188964844,0.006030671709537233,0.8092796156763139,0.7198870810285285,0.9988764926761858,1.9763445423566586,0.07418400881249655,21,136,0.8773113807073543,1.2698146013546259,0.8797975577007255,"{'colsample_bylevel': 0.8092796156763139, 'colsample_bynode': 0.7198870810285285, 'colsample_bytree': 0.9988764926761858, 'gamma': 1.9763445423566586, 'learning_rate': 0.07418400881249655, 'max_depth': 21, 'n_estimators': 136, 'reg_alpha': 0.8773113807073543, 'reg_lambda': 1.2698146013546259, 'subsample': 0.8797975577007255}",0.8617724867724867,0.8538359788359788,0.8442460317460317,0.8568121693121693,0.8458994708994709,0.8525132275132276,0.006603828527178089,72,0.9157572751322751,0.9118716931216931,0.9136904761904762,0.9119543650793651,0.9125330687830688,0.9131613756613757,0.001451452139375293
2.564260959625244,0.043761711860472084,0.07640767097473145,0.0061212824436523,0.9139200492487607,0.8997522750417735,0.9634486837867392,1.6199136870021191,0.07054375548140232,48,128,1.6637591372699787,1.7920678007310484,0.8383638155251533,"{'colsample_bylevel': 0.9139200492487607, 'colsample_bynode': 0.8997522750417735, 'colsample_bytree': 0.9634486837867392, 'gamma': 1.6199136870021191, 'learning_rate': 0.07054375548140232, 'max_depth': 48, 'n_estimators': 128, 'reg_alpha': 1.6637591372699787, 'reg_lambda': 1.7920678007310484, 'subsample': 0.8383638155251533}",0.8541666666666666,0.8505291005291006,0.843915343915344,0.8571428571428571,0.8531746031746031,0.8517857142857143,0.004468080887315981,74,0.9136078042328042,0.9069940476190477,0.9128637566137566,0.9114583333333334,0.9104662698412699,0.9110780423280425,0.0023145785971689036
2.127421569824219,0.038648605062055225,0.07894163131713867,0.004330778908162724,0.862939048338146,0.7825308140491705,0.6379604090202349,0.5174470384735326,0.13582269905770836,33,136,1.9904127839423762,1.1722451446340243,0.8350644445639221,"{'colsample_bylevel': 0.862939048338146, 'colsample_bynode': 0.7825308140491705, 'colsample_bytree': 0.6379604090202349, 'gamma': 0.5174470384735326, 'learning_rate': 0.13582269905770836, 'max_depth': 33, 'n_estimators': 136, 'reg_alpha': 1.9904127839423762, 'reg_lambda': 1.1722451446340243, 'subsample': 0.8350644445639221}",0.8660714285714286,0.8792989417989417,0.8670634920634921,0.8809523809523809,0.8720238095238095,0.8730820105820106,0.006116920439032703,33,0.9484126984126984,0.9478339947089947,0.9471726190476191,0.949156746031746,0.9490740740740741,0.9483300264550264,0.0007522693892908307
1.673756742477417,0.019338705537104827,0.052110147476196286,0.002487176576267699,0.6401139431812504,0.9002697094658686,0.8671798480971671,1.6819501491426667,0.10588986689400084,18,113,1.8490772657686119,1.9523713919727768,0.8585896683405234,"{'colsample_bylevel': 0.6401139431812504, 'colsample_bynode': 0.9002697094658686, 'colsample_bytree': 0.8671798480971671, 'gamma': 1.6819501491426667, 'learning_rate': 0.10588986689400084, 'max_depth': 18, 'n_estimators': 113, 'reg_alpha': 1.8490772657686119, 'reg_lambda': 1.9523713919727768, 'subsample': 0.8585896683405234}",0.8495370370370371,0.8528439153439153,0.843584656084656,0.8488756613756614,0.8432539682539683,0.8476190476190476,0.003684758803487878,83,0.9013723544973545,0.8991402116402116,0.9031911375661376,0.8997189153439153,0.8971560846560847,0.9001157407407409,0.0020447902253267172
2.5072726249694823,0.015116304021156407,0.08613367080688476,0.008024929875751425,0.8255275464446882,0.6812335362545789,0.9309188787286459,1.7984059791645606,0.05749564707630526,41,124,0.7248244731030491,1.4845584051371452,0.9138948259492622,"{'colsample_bylevel': 0.8255275464446882, 'colsample_bynode': 0.6812335362545789, 'colsample_bytree': 0.9309188787286459, 'gamma': 1.7984059791645606, 'learning_rate': 0.05749564707630526, 'max_depth': 41, 'n_estimators': 124, 'reg_alpha': 0.7248244731030491, 'reg_lambda': 1.4845584051371452, 'subsample': 0.9138948259492622}",0.8601190476190477,0.8578042328042328,0.8432539682539683,0.8621031746031746,0.8492063492063492,0.8544973544973544,0.007138569161680873,69,0.9221230158730159,0.9172453703703703,0.9208829365079365,0.921875,0.9188161375661376,0.9201884920634921,0.0018769265645129274
2.215866708755493,0.022616482568794213,0.07238845825195313,0.003325569325053458,0.9796439267546335,0.7223136753371387,0.8963323358926025,0.4584393702713532,0.14201505016411886,15,81,1.5075285540403778,1.7123768077598698,0.727987899779317,"{'colsample_bylevel': 0.9796439267546335, 'colsample_bynode': 0.7223136753371387, 'colsample_bytree': 0.8963323358926025, 'gamma': 0.4584393702713532, 'learning_rate': 0.14201505016411886, 'max_depth': 15, 'n_estimators': 81, 'reg_alpha': 1.5075285540403778, 'reg_lambda': 1.7123768077598698, 'subsample': 0.727987899779317}",0.8707010582010583,0.878968253968254,0.873015873015873,0.8819444444444444,0.8753306878306878,0.8759920634920635,0.004039267588519149,26,0.9640376984126984,0.9618055555555556,0.9620535714285714,0.962880291005291,0.9642030423280423,0.9629960317460317,0.0009859822431134543
1.8456374168395997,0.016588809132499622,0.05682697296142578,0.0029468783227880424,0.8634010830744638,0.6174887802107356,0.7150659619597626,1.482456485698024,0.11478804175246504,44,127,0.18579492323673685,1.8321609779748296,0.6829081925975008,"{'colsample_bylevel': 0.8634010830744638, 'colsample_bynode': 0.6174887802107356, 'colsample_bytree': 0.7150659619597626, 'gamma': 1.482456485698024, 'learning_rate': 0.11478804175246504, 'max_depth': 44, 'n_estimators': 127, 'reg_alpha': 0.18579492323673685, 'reg_lambda': 1.8321609779748296, 'subsample': 0.6829081925975008}",0.8528439153439153,0.8587962962962963,0.8528439153439153,0.861441798941799,0.8528439153439153,0.8557539682539683,0.0036609398156344027,67,0.9245205026455027,0.9206349206349206,0.9247685185185185,0.9241071428571429,0.9265046296296297,0.9241071428571429,0.0019189869236050697
1.6864484310150147,0.054787722007310004,0.06054863929748535,0.005934092560105906,0.9299511812618325,0.8506101836634417,0.8206892565357566,1.468427945740074,0.08575422723204863,22,65,1.624366325270223,1.465490858871132,0.787239469753866,"{'colsample_bylevel': 0.9299511812618325, 'colsample_bynode': 0.8506101836634417, 'colsample_bytree': 0.8206892565357566, 'gamma': 1.468427945740074, 'learning_rate': 0.08575422723204863, 'max_depth': 22, 'n_estimators': 65, 'reg_alpha': 1.624366325270223, 'reg_lambda': 1.465490858871132, 'subsample': 0.787239469753866}",0.8508597883597884,0.8495370370370371,0.8478835978835979,0.8551587301587301,0.8462301587301587,0.8499338624338625,0.003040889929252008,78,0.9098875661375662,0.9059193121693122,0.9117890211640212,0.9089781746031746,0.908068783068783,0.9089285714285715,0.0019441801011691308
2.1397397041320803,0.027401147997104535,0.08474092483520508,0.004403221542386391,0.9973278524102464,0.6271004985667552,0.8252365796299532,0.6646107645532044,0.09051784712747951,27,58,0.560588256269273,0.7801297132073342,0.9155538397087808,"{'colsample_bylevel': 0.9973278524102464, 'colsample_bynode': 0.6271004985667552, 'colsample_bytree': 0.8252365796299532, 'gamma': 0.6646107645532044, 'learning_rate': 0.09051784712747951, 'max_depth': 27, 'n_estimators': 58, 'reg_alpha': 0.560588256269273, 'reg_lambda': 0.7801297132073342, 'subsample': 0.9155538397087808}",0.875,0.8779761904761905,0.8756613756613757,0.8822751322751323,0.8746693121693122,0.8771164021164022,0.0028261720395795697,23,0.972635582010582,0.9703207671957672,0.9699074074074074,0.9700727513227513,0.9712301587301587,0.9708333333333334,0.00101035820882619
3.8830804347991945,0.08346407959307772,0.13211436271667482,0.008153431325061833,0.6059037763605776,0.8880122975784895,0.8074998272225756,0.1998167247875764,0.05874267022743268,38,87,1.2788789745756521,0.4175805646159316,0.8141150667612771,"{'colsample_bylevel': 0.6059037763605776, 'colsample_bynode': 0.8880122975784895, 'colsample_bytree': 0.8074998272225756, 'gamma': 0.1998167247875764, 'learning_rate': 0.05874267022743268, 'max_depth': 38, 'n_estimators': 87, 'reg_alpha': 1.2788789745756521, 'reg_lambda': 0.4175805646159316, 'subsample': 0.8141150667612771}",0.875,0.8835978835978836,0.8740079365079365,0.8819444444444444,0.8740079365079365,0.8777116402116404,0.0041797686003505145,21,0.9747023809523809,0.9742063492063492,0.9738756613756614,0.972718253968254,0.9737103174603174,0.9738425925925925,0.0006563966018941517
2.058000326156616,0.03658728197183892,0.06964902877807617,0.0017473484317249014,0.7744143188667139,0.6132765746724177,0.8769305444542624,1.1081513170429835,0.10779455123733432,24,109,0.6944142313515977,1.3540869125223896,0.8544429715299924,"{'colsample_bylevel': 0.7744143188667139, 'colsample_bynode': 0.6132765746724177, 'colsample_bytree': 0.8769305444542624, 'gamma': 1.1081513170429835, 'learning_rate': 0.10779455123733432, 'max_depth': 24, 'n_estimators': 109, 'reg_alpha': 0.6944142313515977, 'reg_lambda': 1.3540869125223896, 'subsample': 0.8544429715299924}",0.8634259259259259,0.8627645502645502,0.8640873015873016,0.8697089947089947,0.8617724867724867,0.8643518518518517,0.0027856401704566907,52,0.9415509259259259,0.9371693121693122,0.939401455026455,0.9418816137566137,0.9428736772486772,0.9405753968253968,0.00204545861034285
1.3879079818725586,0.02540464210133985,0.05340137481689453,0.002797756129142126,0.6791863730018659,0.7629625541469671,0.8656541551225896,1.4148123643720576,0.10412211635885876,39,70,1.5742906211174243,1.5950654764122436,0.68855016695652,"{'colsample_bylevel': 0.6791863730018659, 'colsample_bynode': 0.7629625541469671, 'colsample_bytree': 0.8656541551225896, 'gamma': 1.4148123643720576, 'learning_rate': 0.10412211635885876, 'max_depth': 39, 'n_estimators': 70, 'reg_alpha': 1.5742906211174243, 'reg_lambda': 1.5950654764122436, 'subsample': 0.68855016695652}",0.8501984126984127,0.8422619047619048,0.8392857142857143,0.8485449735449735,0.8373015873015873,0.8435185185185186,0.00506028022840965,90,0.8996362433862434,0.8963293650793651,0.8984788359788359,0.9017857142857143,0.8981481481481481,0.8988756613756614,0.001800958836533079
1.1763983726501466,0.026745949634646476,0.04392824172973633,0.00361775569643417,0.6720192552952663,0.9378237883667805,0.844622281691777,1.3805621896216467,0.14753295020851304,27,60,1.7484211300772685,0.09235016092192483,0.6792489762741222,"{'colsample_bylevel': 0.6720192552952663, 'colsample_bynode': 0.9378237883667805, 'colsample_bytree': 0.844622281691777, 'gamma': 1.3805621896216467, 'learning_rate': 0.14753295020851304, 'max_depth': 27, 'n_estimators': 60, 'reg_alpha': 1.7484211300772685, 'reg_lambda': 0.09235016092192483, 'subsample': 0.6792489762741222}",0.8468915343915344,0.8541666666666666,0.8462301587301587,0.8531746031746031,0.843584656084656,0.8488095238095237,0.004132407235929439,80,0.9110449735449735,0.908234126984127,0.9088955026455027,0.9089781746031746,0.9107142857142857,0.9095734126984126,0.0011022376529430285
1.509657621383667,0.041429280043656765,0.05239181518554688,0.004607667561745161,0.8404914821539811,0.8257387513947894,0.7767175386671845,1.6583340816832706,0.10320078865535809,33,70,0.4998446474681886,0.028404714161334166,0.6403982009313234,"{'colsample_bylevel': 0.8404914821539811, 'colsample_bynode': 0.8257387513947894, 'colsample_bytree': 0.7767175386671845, 'gamma': 1.6583340816832706, 'learning_rate': 0.10320078865535809, 'max_depth': 33, 'n_estimators': 70, 'reg_alpha': 0.4998446474681886, 'reg_lambda': 0.028404714161334166, 'subsample': 0.6403982009313234}",0.8548280423280423,0.8640873015873016,0.8515211640211641,0.8637566137566137,0.8541666666666666,0.8576719576719578,0.005222774344550163,60,0.9303075396825397,0.92567791005291,0.9260085978835979,0.9286541005291006,0.9301421957671958,0.9281580687830686,0.0019786078441338213
1.0931828975677491,0.02158592321491222,0.03771967887878418,0.004019308153285903,0.7856206628198023,0.8835625403129902,0.8273247968005846,1.9795985849724196,0.13559084125439164,38,54,1.5412365091586373,0.4520192191218706,0.8767656405088334,"{'colsample_bylevel': 0.7856206628198023, 'colsample_bynode': 0.8835625403129902, 'colsample_bytree': 0.8273247968005846, 'gamma': 1.9795985849724196, 'learning_rate': 0.13559084125439164, 'max_depth': 38, 'n_estimators': 54, 'reg_alpha': 1.5412365091586373, 'reg_lambda': 0.4520192191218706, 'subsample': 0.8767656405088334}",0.8492063492063492,0.8541666666666666,0.843584656084656,0.8548280423280423,0.8406084656084656,0.8484788359788359,0.005640724090005401,82,0.9052579365079365,0.9074074074074074,0.9048445767195767,0.904265873015873,0.9066633597883598,0.9056878306878307,0.0011684563322787544
1.4229918003082276,0.024324760889621117,0.05289931297302246,0.005402912996924162,0.6517558036701782,0.6276040809529644,0.819731845133591,1.5276027916021089,0.13221048671162994,41,101,1.8987810425011706,1.3926802821888795,0.6847987051746812,"{'colsample_bylevel': 0.6517558036701782, 'colsample_bynode': 0.6276040809529644, 'colsample_bytree': 0.819731845133591, 'gamma': 1.5276027916021089, 'learning_rate': 0.13221048671162994, 'max_depth': 41, 'n_estimators': 101, 'reg_alpha': 1.8987810425011706, 'reg_lambda': 1.3926802821888795, 'subsample': 0.6847987051746812}",0.8376322751322751,0.8389550264550265,0.832010582010582,0.8432539682539683,0.828042328042328,0.835978835978836,0.005352650150872584,99,0.8848379629629629,0.8827711640211641,0.8837632275132276,0.8828538359788359,0.8810350529100529,0.8830522486772485,0.0012555254964662353
2.00889253616333,0.02243796699303967,0.0752131462097168,0.0023376819560672044,0.7101195752965637,0.8780742674731303,0.8198735030987527,0.6901526518040422,0.07470528738336123,28,52,0.5350067597597523,0.32689384810092825,0.6359390235884758,"{'colsample_bylevel': 0.7101195752965637, 'colsample_bynode': 0.8780742674731303, 'colsample_bytree': 0.8198735030987527, 'gamma': 0.6901526518040422, 'learning_rate': 0.07470528738336123, 'max_depth': 28, 'n_estimators': 52, 'reg_alpha': 0.5350067597597523, 'reg_lambda': 0.32689384810092825, 'subsample': 0.6359390235884758}",0.8660714285714286,0.8703703703703703,0.8627645502645502,0.8763227513227513,0.8627645502645502,0.8676587301587301,0.0051544888276187015,44,0.9575892857142857,0.9554398148148148,0.9546957671957672,0.9544477513227513,0.9561011904761905,0.9556547619047618,0.001128222361721694
3.5063910484313965,0.04055815944247451,0.10207543373107911,0.008199612287569581,0.913296228810463,0.8166337400276176,0.9846603914042538,0.0783346141516772,0.14752421345159591,21,56,0.15527378961477845,0.4915065796397864,0.6156612272772395,"{'colsample_bylevel': 0.913296228810463, 'colsample_bynode': 0.8166337400276176, 'colsample_bytree': 0.9846603914042538, 'gamma': 0.0783346141516772, 'learning_rate': 0.14752421345159591, 'max_depth': 21, 'n_estimators': 56, 'reg_alpha': 0.15527378961477845, 'reg_lambda': 0.4915065796397864, 'subsample': 0.6156612272772395}",0.8819444444444444,0.8888888888888888,0.888558201058201,0.8991402116402116,0.8842592592592593,0.8885582010582012,0.005904421725043816,3,0.999834656084656,0.9995866402116402,0.9996693121693122,0.9996693121693122,0.9995866402116402,0.9996693121693122,9.056259218006641e-05
1.7484559059143066,0.026158733906456552,0.06475253105163574,0.0053640571269385155,0.8089100957674612,0.7581906487522025,0.6965248613390944,1.0300919482327116,0.10127761927069753,45,71,0.5292089256214754,0.622758491329001,0.64685691576866,"{'colsample_bylevel': 0.8089100957674612, 'colsample_bynode': 0.7581906487522025, 'colsample_bytree': 0.6965248613390944, 'gamma': 1.0300919482327116, 'learning_rate': 0.10127761927069753, 'max_depth': 45, 'n_estimators': 71, 'reg_alpha': 0.5292089256214754, 'reg_lambda': 0.622758491329001, 'subsample': 0.64685691576866}",0.8584656084656085,0.8657407407407407,0.8597883597883598,0.8726851851851852,0.8607804232804233,0.8634920634920634,0.005213553485454077,53,0.9429563492063492,0.939484126984127,0.9398148148148148,0.9418816137566137,0.9417162698412699,0.941170634920635,0.0013171591446200078
2.2721696376800535,0.041135244332142266,0.07564167976379395,0.005434412542776738,0.7864853217793663,0.7073342714059127,0.8645904850718898,0.7200604467559297,0.0657180489948914,19,53,0.49383295591600396,1.0287512806328543,0.9526141445445108,"{'colsample_bylevel': 0.7864853217793663, 'colsample_bynode': 0.7073342714059127, 'colsample_bytree': 0.8645904850718898, 'gamma': 0.7200604467559297, 'learning_rate': 0.0657180489948914, 'max_depth': 19, 'n_estimators': 53, 'reg_alpha': 0.49383295591600396, 'reg_lambda': 1.0287512806328543, 'subsample': 0.9526141445445108}",0.871031746031746,0.8683862433862434,0.8673941798941799,0.8759920634920635,0.8733465608465608,0.8712301587301587,0.003162178065577227,36,0.9650297619047619,0.9624669312169312,0.9612268518518519,0.9626322751322751,0.9642030423280423,0.9631117724867725,0.0013467157866598614
2.263755369186401,0.061813483910421005,0.07036800384521484,0.0029524469509264574,0.8524661200312413,0.8744675004429066,0.76471099090786,1.2854404973036333,0.10115811540535385,23,131,1.1336634951005513,1.6590900918458347,0.7099560339503541,"{'colsample_bylevel': 0.8524661200312413, 'colsample_bynode': 0.8744675004429066, 'colsample_bytree': 0.76471099090786, 'gamma': 1.2854404973036333, 'learning_rate': 0.10115811540535385, 'max_depth': 23, 'n_estimators': 131, 'reg_alpha': 1.1336634951005513, 'reg_lambda': 1.6590900918458347, 'subsample': 0.7099560339503541}",0.8564814814814815,0.8597883597883598,0.8531746031746031,0.8637566137566137,0.8541666666666666,0.8574735449735451,0.0038790683329669776,62,0.9214616402116402,0.9184027777777778,0.9207175925925926,0.9207175925925926,0.9211309523809523,0.9204861111111111,0.0010784175832751438
2.657165193557739,0.04596389613769216,0.106663179397583,0.006692958311554007,0.8737233230442312,0.7891187306488395,0.6542787268342033,0.16509348995037465,0.12960122651578662,44,84,1.956431026769649,1.501522856344078,0.9729649948896774,"{'colsample_bylevel': 0.8737233230442312, 'colsample_bynode': 0.7891187306488395, 'colsample_bytree': 0.6542787268342033, 'gamma': 0.16509348995037465, 'learning_rate': 0.12960122651578662, 'max_depth': 44, 'n_estimators': 84, 'reg_alpha': 1.956431026769649, 'reg_lambda': 1.501522856344078, 'subsample': 0.9729649948896774}",0.8773148148148148,0.8865740740740741,0.8763227513227513,0.8826058201058201,0.8743386243386243,0.879431216931217,0.004498327003474079,19,0.9801587301587301,0.9794973544973545,0.9802414021164021,0.9799933862433863,0.9785879629629629,0.9796957671957671,0.0006111018059714497
1.9899656772613525,0.04705149085820676,0.06254582405090332,0.0031764600273768745,0.9471584984474287,0.83887158992443,0.9050382301192103,1.7122819234771909,0.07856582312415067,32,75,1.7076282663672064,0.8864152565578767,0.9205951154281662,"{'colsample_bylevel': 0.9471584984474287, 'colsample_bynode': 0.83887158992443, 'colsample_bytree': 0.9050382301192103, 'gamma': 1.7122819234771909, 'learning_rate': 0.07856582312415067, 'max_depth': 32, 'n_estimators': 75, 'reg_alpha': 1.7076282663672064, 'reg_lambda': 0.8864152565578767, 'subsample': 0.9205951154281662}",0.8564814814814815,0.8525132275132276,0.8485449735449735,0.8578042328042328,0.8492063492063492,0.8529100529100528,0.0037319407353613625,71,0.917989417989418,0.9120370370370371,0.9145998677248677,0.9136904761904762,0.9122850529100529,0.9141203703703704,0.002149089302716796
2.1467345714569093,0.025072627956415402,0.06025519371032715,0.0009706862496742832,0.9330566574558501,0.8965330420489751,0.6165745570040517,0.7561109937276977,0.14026254144632233,41,139,1.6406899954325562,0.391786559524004,0.9415925251472825,"{'colsample_bylevel': 0.9330566574558501, 'colsample_bynode': 0.8965330420489751, 'colsample_bytree': 0.6165745570040517, 'gamma': 0.7561109937276977, 'learning_rate': 0.14026254144632233, 'max_depth': 41, 'n_estimators': 139, 'reg_alpha': 1.6406899954325562, 'reg_lambda': 0.391786559524004, 'subsample': 0.9415925251472825}",0.8667328042328042,0.8753306878306878,0.8697089947089947,0.8763227513227513,0.8707010582010583,0.8717592592592591,0.0035824345407277336,34,0.951140873015873,0.9489087301587301,0.9478339947089947,0.9499834656084656,0.9500661375661376,0.9495866402116402,0.0011255537318199628
2.2885162353515627,0.02049745804122566,0.06832900047302246,0.004020430901546363,0.8168449357502462,0.9738660218284225,0.8625794695228993,0.6633198556398607,0.13241126563322986,39,73,0.060947163984667485,1.7846121325273738,0.8671131172843166,"{'colsample_bylevel': 0.8168449357502462, 'colsample_bynode': 0.9738660218284225, 'colsample_bytree': 0.8625794695228993, 'gamma': 0.6633198556398607, 'learning_rate': 0.13241126563322986, 'max_depth': 39, 'n_estimators': 73, 'reg_alpha': 0.060947163984667485, 'reg_lambda': 1.7846121325273738, 'subsample': 0.8671131172843166}",0.8812830687830688,0.8806216931216931,0.8746693121693122,0.8839285714285714,0.8786375661375662,0.8798280423280425,0.003085159732722364,16,0.9818948412698413,0.9814814814814815,0.9801587301587301,0.9813988095238095,0.9826388888888888,0.9815145502645504,0.0008076504458875539
1.9712343215942383,0.013769222180860081,0.059134483337402344,0.002987642090655373,0.9146150253757761,0.8327223796586557,0.9808244284001155,1.0456404046622179,0.10625540542987078,45,70,1.7686053670229311,0.4624234961745528,0.9458373410295231,"{'colsample_bylevel': 0.9146150253757761, 'colsample_bynode': 0.8327223796586557, 'colsample_bytree': 0.9808244284001155, 'gamma': 1.0456404046622179, 'learning_rate': 0.10625540542987078, 'max_depth': 45, 'n_estimators': 70, 'reg_alpha': 1.7686053670229311, 'reg_lambda': 0.4624234961745528, 'subsample': 0.9458373410295231}",0.8670634920634921,0.8690476190476191,0.8591269841269841,0.8644179894179894,0.8640873015873016,0.8647486772486772,0.0033463255663157714,49,0.9415509259259259,0.9382440476190477,0.937665343915344,0.9387400793650794,0.9400628306878307,0.9392526455026455,0.0013955653337307495
2.4740254402160646,0.03178525658664228,0.0669548511505127,0.005505488380085588,0.9449119945614135,0.6579848275623164,0.9530353854485729,0.6918312721638971,0.1314364656079926,30,118,0.500313166715153,0.4204330085410246,0.839986542201606,"{'colsample_bylevel': 0.9449119945614135, 'colsample_bynode': 0.6579848275623164, 'colsample_bytree': 0.9530353854485729, 'gamma': 0.6918312721638971, 'learning_rate': 0.1314364656079926, 'max_depth': 30, 'n_estimators': 118, 'reg_alpha': 0.500313166715153, 'reg_lambda': 0.4204330085410246, 'subsample': 0.839986542201606}",0.876984126984127,0.8799603174603174,0.8756613756613757,0.8862433862433863,0.8799603174603174,0.8797619047619047,0.0036501705625784785,17,0.9763558201058201,0.9755291005291006,0.9752810846560847,0.9743716931216931,0.9756944444444444,0.9754464285714286,0.0006446292556090553
2.2131094455718996,0.037967244200539395,0.06344695091247558,0.01228657759880519,0.9996832774762285,0.747186055924987,0.94741598501236,1.3480786012766337,0.13286665212973992,29,127,0.7303424107741254,1.899034920312263,0.9077115653517314,"{'colsample_bylevel': 0.9996832774762285, 'colsample_bynode': 0.747186055924987, 'colsample_bytree': 0.94741598501236, 'gamma': 1.3480786012766337, 'learning_rate': 0.13286665212973992, 'max_depth': 29, 'n_estimators': 127, 'reg_alpha': 0.7303424107741254, 'reg_lambda': 1.899034920312263, 'subsample': 0.9077115653517314}",0.8657407407407407,0.8693783068783069,0.8617724867724867,0.8657407407407407,0.8597883597883598,0.8644841269841269,0.0033619748749044525,51,0.9398148148148148,0.9347718253968254,0.9370039682539683,0.9365079365079365,0.9327050264550265,0.9361607142857142,0.0023687499628367776
5.608519983291626,0.07388312049330412,0.142075252532959,0.006658654418105676,0.9072787640638782,0.8862194232400094,0.9939617366989804,0.06657006213169026,0.1250292040514472,34,93,0.6554822540492076,0.8725869836684543,0.9778975977359756,"{'colsample_bylevel': 0.9072787640638782, 'colsample_bynode': 0.8862194232400094, 'colsample_bytree': 0.9939617366989804, 'gamma': 0.06657006213169026, 'learning_rate': 0.1250292040514472, 'max_depth': 34, 'n_estimators': 93, 'reg_alpha': 0.6554822540492076, 'reg_lambda': 0.8725869836684543, 'subsample': 0.9778975977359756}",0.8869047619047619,0.8974867724867724,0.8958333333333334,0.8941798941798942,0.8882275132275133,0.8925264550264551,0.004203769466156273,1,0.999834656084656,0.9995866402116402,0.9996693121693122,0.9997519841269841,0.9995866402116402,0.9996858465608465,9.641124164754614e-05
1.715051794052124,0.037051945540203364,0.050078201293945315,0.005407915795461586,0.7422271082454432,0.9290334078557771,0.9229898102860637,1.676304335039351,0.1445012318322454,38,95,1.5628680106265813,0.061868345246528955,0.7079706598519125,"{'colsample_bylevel': 0.7422271082454432, 'colsample_bynode': 0.9290334078557771, 'colsample_bytree': 0.9229898102860637, 'gamma': 1.676304335039351, 'learning_rate': 0.1445012318322454, 'max_depth': 38, 'n_estimators': 95, 'reg_alpha': 1.5628680106265813, 'reg_lambda': 0.061868345246528955, 'subsample': 0.7079706598519125}",0.8472222222222222,0.8492063492063492,0.8416005291005291,0.853505291005291,0.8442460317460317,0.8471560846560846,0.004095191952490156,86,0.9106316137566137,0.9074074074074074,0.9098048941798942,0.9088128306878307,0.9096395502645502,0.9092592592592592,0.0010912698412698192
2.8116293430328367,0.027259026799046435,0.1216897964477539,0.008001072807656906,0.719468499797716,0.6588571183283323,0.96071589780198,0.36104869458054245,0.09121166981731223,24,89,1.4660089278656228,1.6119803807102755,0.6400362377159118,"{'colsample_bylevel': 0.719468499797716, 'colsample_bynode': 0.6588571183283323, 'colsample_bytree': 0.96071589780198, 'gamma': 0.36104869458054245, 'learning_rate': 0.09121166981731223, 'max_depth': 24, 'n_estimators': 89, 'reg_alpha': 1.4660089278656228, 'reg_lambda': 1.6119803807102755, 'subsample': 0.6400362377159118}",0.8680555555555556,0.8743386243386243,0.8693783068783069,0.8743386243386243,0.8683862433862434,0.8708994708994708,0.0028416072829286643,37,0.957010582010582,0.9556878306878307,0.955026455026455,0.9586640211640212,0.9554398148148148,0.9563657407407407,0.001327290492089258
2.0641690254211427,0.03637721722480923,0.08159523010253907,0.003965638050903874,0.8289817850298709,0.8885363265974359,0.6692300124952305,0.9427503967566504,0.054830166722603824,41,67,1.4411590179443348,0.5003690775028256,0.6249541413910249,"{'colsample_bylevel': 0.8289817850298709, 'colsample_bynode': 0.8885363265974359, 'colsample_bytree': 0.6692300124952305, 'gamma': 0.9427503967566504, 'learning_rate': 0.054830166722603824, 'max_depth': 41, 'n_estimators': 67, 'reg_alpha': 1.4411590179443348, 'reg_lambda': 0.5003690775028256, 'subsample': 0.6249541413910249}",0.8465608465608465,0.8482142857142857,0.8442460317460317,0.8601190476190477,0.8382936507936508,0.8474867724867725,0.00715509435782992,84,0.9096395502645502,0.906415343915344,0.9106316137566137,0.9105489417989417,0.9077380952380952,0.908994708994709,0.0016578974285853046
1.6634578704833984,0.0383607308343103,0.049637794494628906,0.004727548175653252,0.9020138120194762,0.7689986428451512,0.7523435271642037,1.828622728663851,0.13591976882807608,24,97,0.5208504960484739,0.1883136156473415,0.8309338154094349,"{'colsample_bylevel': 0.9020138120194762, 'colsample_bynode': 0.7689986428451512, 'colsample_bytree': 0.7523435271642037, 'gamma': 1.828622728663851, 'learning_rate': 0.13591976882807608, 'max_depth': 24, 'n_estimators': 97, 'reg_alpha': 0.5208504960484739, 'reg_lambda': 0.1883136156473415, 'subsample': 0.8309338154094349}",0.8578042328042328,0.8561507936507936,0.857473544973545,0.8621031746031746,0.8548280423280423,0.8576719576719576,0.0024533382263216366,61,0.9332010582010583,0.9284887566137566,0.9305555555555556,0.9298941798941799,0.9308862433862434,0.9306051587301587,0.0015365423486096627
2.556174373626709,0.0633426865758274,0.08257822990417481,0.004139860653243428,0.9031506837923243,0.9415990223161879,0.6066098807305675,1.043700318694174,0.09258724108286995,20,119,1.413055912633149,0.05002821300496718,0.8836306303064643,"{'colsample_bylevel': 0.9031506837923243, 'colsample_bynode': 0.9415990223161879, 'colsample_bytree': 0.6066098807305675, 'gamma': 1.043700318694174, 'learning_rate': 0.09258724108286995, 'max_depth': 20, 'n_estimators': 119, 'reg_alpha': 1.413055912633149, 'reg_lambda': 0.05002821300496718, 'subsample': 0.8836306303064643}",0.8650793650793651,0.8683862433862434,0.8673941798941799,0.8743386243386243,0.8647486772486772,0.8679894179894181,0.0034581789583072293,41,0.9425429894179894,0.9389054232804233,0.9407242063492064,0.9427910052910053,0.9401455026455027,0.9410218253968253,0.0014683061027971928
1.6485573768615722,0.0498851896883389,0.06113734245300293,0.004378806153336379,0.8294671222974592,0.9196635848840033,0.6621808884020156,1.215807195289658,0.13572931228772597,24,80,0.9954568232440464,0.8892669398243327,0.6355834268679506,"{'colsample_bylevel': 0.8294671222974592, 'colsample_bynode': 0.9196635848840033, 'colsample_bytree': 0.6621808884020156, 'gamma': 1.215807195289658, 'learning_rate': 0.13572931228772597, 'max_depth': 24, 'n_estimators': 80, 'reg_alpha': 0.9954568232440464, 'reg_lambda': 0.8892669398243327, 'subsample': 0.6355834268679506}",0.861441798941799,0.8637566137566137,0.8528439153439153,0.8611111111111112,0.8508597883597884,0.8580026455026456,0.005142594491082999,59,0.9230324074074074,0.9188988095238095,0.9235284391534392,0.923693783068783,0.9215443121693122,0.9221395502645503,0.0017887735894574705
5.114516115188598,0.07461518319971425,0.2277383327484131,0.012602617737780276,0.6106424681310811,0.6907907665783719,0.9632572207133071,0.02413243569129464,0.1329314943551474,25,128,1.523091286648566,0.2351197823927409,0.6634437560760306,"{'colsample_bylevel': 0.6106424681310811, 'colsample_bynode': 0.6907907665783719, 'colsample_bytree': 0.9632572207133071, 'gamma': 0.02413243569129464, 'learning_rate': 0.1329314943551474, 'max_depth': 25, 'n_estimators': 128, 'reg_alpha': 1.523091286648566, 'reg_lambda': 0.2351197823927409, 'subsample': 0.6634437560760306}",0.8835978835978836,0.8849206349206349,0.8875661375661376,0.8961640211640212,0.8802910052910053,0.8865079365079366,0.005366524543677447,6,0.9971064814814815,0.9967757936507936,0.9973544973544973,0.9968584656084656,0.9974371693121693,0.9971064814814815,0.00026143168486842603
7.569176578521729,0.10341382897690647,0.2671048641204834,0.023891023538505748,0.8083603778021085,0.7768798403848974,0.8744620746269929,0.008457571518214024,0.0936277339057623,41,145,1.9738890696034006,0.3664270750266423,0.9900388437202827,"{'colsample_bylevel': 0.8083603778021085, 'colsample_bynode': 0.7768798403848974, 'colsample_bytree': 0.8744620746269929, 'gamma': 0.008457571518214024, 'learning_rate': 0.0936277339057623, 'max_depth': 41, 'n_estimators': 145, 'reg_alpha': 1.9738890696034006, 'reg_lambda': 0.3664270750266423, 'subsample': 0.9900388437202827}",0.8829365079365079,0.8892195767195767,0.8888888888888888,0.8951719576719577,0.8845899470899471,0.8881613756613757,0.004262667472042869,4,0.997933201058201,0.9970238095238095,0.9976851851851852,0.9974371693121693,0.9975198412698413,0.9975198412698413,0.0003003621383033215
3.434953546524048,0.18967414535773755,0.09194965362548828,0.005359506659025514,0.8656753275955024,0.8615097409389962,0.7418366570986117,0.38490984423378083,0.1474435897406634,23,146,0.008689238817657374,0.1342900495679229,0.7276277074246205,"{'colsample_bylevel': 0.8656753275955024, 'colsample_bynode': 0.8615097409389962, 'colsample_bytree': 0.7418366570986117, 'gamma': 0.38490984423378083, 'learning_rate': 0.1474435897406634, 'max_depth': 23, 'n_estimators': 146, 'reg_alpha': 0.008689238817657374, 'reg_lambda': 0.1342900495679229, 'subsample': 0.7276277074246205}",0.8783068783068783,0.8849206349206349,0.8855820105820106,0.8826058201058201,0.8835978835978836,0.8830026455026454,0.0025649099774689697,9,0.9985945767195767,0.9982638888888888,0.9982638888888888,0.9982638888888888,0.9984292328042328,0.9983630952380953,0.0001322751322751614
1.6982485771179199,0.07764555070906107,0.06271991729736329,0.005218306037513297,0.6601690413801379,0.6825556077435305,0.9779328388048156,1.759181619522402,0.09837854653995548,29,66,1.5597318058535599,1.8261912513632137,0.9065308515800407,"{'colsample_bylevel': 0.6601690413801379, 'colsample_bynode': 0.6825556077435305, 'colsample_bytree': 0.9779328388048156, 'gamma': 1.759181619522402, 'learning_rate': 0.09837854653995548, 'max_depth': 29, 'n_estimators': 66, 'reg_alpha': 1.5597318058535599, 'reg_lambda': 1.8261912513632137, 'subsample': 0.9065308515800407}",0.8452380952380952,0.843584656084656,0.8306878306878307,0.8445767195767195,0.8429232804232805,0.8414021164021165,0.0054160165575590485,92,0.8994708994708994,0.8960813492063492,0.8978174603174603,0.8971560846560847,0.8960813492063492,0.8973214285714285,0.0012624741513770482
2.531749725341797,0.13228853249813288,0.12666759490966797,0.010641045374516983,0.6623362218837319,0.6340167379851154,0.6262140302002441,1.7585423457931293,0.05295802678063532,22,130,1.0868010465186482,0.31473663441819033,0.924077656942342,"{'colsample_bylevel': 0.6623362218837319, 'colsample_bynode': 0.6340167379851154, 'colsample_bytree': 0.6262140302002441, 'gamma': 1.7585423457931293, 'learning_rate': 0.05295802678063532, 'max_depth': 22, 'n_estimators': 130, 'reg_alpha': 1.0868010465186482, 'reg_lambda': 0.31473663441819033, 'subsample': 0.924077656942342}",0.841931216931217,0.8442460317460317,0.8356481481481481,0.8478835978835979,0.8359788359788359,0.8411375661375663,0.004744419691656357,93,0.9018683862433863,0.8984788359788359,0.9026124338624338,0.9009589947089947,0.8990575396825397,0.9005952380952381,0.001591601594062036
3.9416218280792235,0.06341700273827934,0.13023853302001953,0.006524212351142711,0.9385914836656758,0.9185064492209568,0.6028641916751994,1.2118607559569685,0.05304409631751823,34,135,0.8494263229463372,0.6980763877998963,0.8848530082685258,"{'colsample_bylevel': 0.9385914836656758, 'colsample_bynode': 0.9185064492209568, 'colsample_bytree': 0.6028641916751994, 'gamma': 1.2118607559569685, 'learning_rate': 0.05304409631751823, 'max_depth': 34, 'n_estimators': 135, 'reg_alpha': 0.8494263229463372, 'reg_lambda': 0.6980763877998963, 'subsample': 0.8848530082685258}",0.8693783068783069,0.8716931216931217,0.8621031746031746,0.8746693121693122,0.8644179894179894,0.868452380952381,0.0046173306020389085,38,0.9432043650793651,0.9398974867724867,0.939566798941799,0.9432043650793651,0.9398974867724867,0.9411541005291004,0.001678383272546256
3.5539727210998535,0.0881681751030684,0.12257513999938965,0.005561883928405875,0.7381263433052353,0.8416937146986703,0.8336620880979554,0.5840309248877487,0.07092667676553388,48,88,0.40162277074614905,1.206726830964313,0.6366195603969605,"{'colsample_bylevel': 0.7381263433052353, 'colsample_bynode': 0.8416937146986703, 'colsample_bytree': 0.8336620880979554, 'gamma': 0.5840309248877487, 'learning_rate': 0.07092667676553388, 'max_depth': 48, 'n_estimators': 88, 'reg_alpha': 0.40162277074614905, 'reg_lambda': 1.206726830964313, 'subsample': 0.6366195603969605}",0.875,0.8826058201058201,0.873015873015873,0.8812830687830688,0.8733465608465608,0.8770502645502646,0.004073773437681101,24,0.9685019841269841,0.9676752645502645,0.9666005291005291,0.9662698412698413,0.9671792328042328,0.9672453703703704,0.0007919265882822622
2.4842445850372314,0.034402501981881065,0.06512703895568847,0.0045355685377368084,0.7999620872829124,0.8336851107283345,0.9693185962108635,0.988791034462184,0.13649077469110132,45,118,1.183758858636266,1.5183724832553653,0.8727919763057435,"{'colsample_bylevel': 0.7999620872829124, 'colsample_bynode': 0.8336851107283345, 'colsample_bytree': 0.9693185962108635, 'gamma': 0.988791034462184, 'learning_rate': 0.13649077469110132, 'max_depth': 45, 'n_estimators': 118, 'reg_alpha': 1.183758858636266, 'reg_lambda': 1.5183724832553653, 'subsample': 0.8727919763057435}",0.8664021164021164,0.8723544973544973,0.8611111111111112,0.875,0.8647486772486772,0.8679232804232804,0.005069779866861575,42,0.9451884920634921,0.9431216931216931,0.9415509259259259,0.9430390211640212,0.9421296296296297,0.9430059523809524,0.0012379832372576046
3.4076658725738525,0.03729610854411921,0.11303706169128418,0.016255890899868876,0.9607689820721346,0.8070107748328355,0.6773135102058709,0.1733535905355419,0.13851533004027505,37,69,0.13982676350293333,0.2513973054691978,0.6677409735889283,"{'colsample_bylevel': 0.9607689820721346, 'colsample_bynode': 0.8070107748328355, 'colsample_bytree': 0.6773135102058709, 'gamma': 0.1733535905355419, 'learning_rate': 0.13851533004027505, 'max_depth': 37, 'n_estimators': 69, 'reg_alpha': 0.13982676350293333, 'reg_lambda': 0.2513973054691978, 'subsample': 0.6677409735889283}",0.8809523809523809,0.8882275132275133,0.8915343915343915,0.8882275132275133,0.8809523809523809,0.8859788359788361,0.004278032176930229,7,0.9997519841269841,0.9996693121693122,0.999834656084656,0.999834656084656,0.9997519841269841,0.9997685185185186,6.186602822044663e-05
2.852855587005615,0.08019252443253551,0.09137358665466308,0.011455978561810888,0.8435691940078849,0.8567182850233153,0.8559776526759014,0.6397983282613582,0.09692718044727262,15,74,0.9479445875887731,1.8842249056980414,0.96800065679998,"{'colsample_bylevel': 0.8435691940078849, 'colsample_bynode': 0.8567182850233153, 'colsample_bytree': 0.8559776526759014, 'gamma': 0.6397983282613582, 'learning_rate': 0.09692718044727262, 'max_depth': 15, 'n_estimators': 74, 'reg_alpha': 0.9479445875887731, 'reg_lambda': 1.8842249056980414, 'subsample': 0.96800065679998}",0.8713624338624338,0.876984126984127,0.8733465608465608,0.8826058201058201,0.8736772486772487,0.8755952380952381,0.003942819725076431,27,0.9622189153439153,0.9623842592592593,0.9607308201058201,0.9615575396825397,0.9613921957671958,0.961656746031746,0.0005970724234546275
3.547863245010376,0.047612654821720536,0.10825672149658203,0.004732194773342819,0.8609906208081015,0.6878970055897704,0.920073004046256,1.1201334509970364,0.06938768338145969,24,147,0.8433890306422189,1.015993023616449,0.718934994235737,"{'colsample_bylevel': 0.8609906208081015, 'colsample_bynode': 0.6878970055897704, 'colsample_bytree': 0.920073004046256, 'gamma': 1.1201334509970364, 'learning_rate': 0.06938768338145969, 'max_depth': 24, 'n_estimators': 147, 'reg_alpha': 0.8433890306422189, 'reg_lambda': 1.015993023616449, 'subsample': 0.718934994235737}",0.8640873015873016,0.8664021164021164,0.8601190476190477,0.875,0.8611111111111112,0.8653439153439155,0.005313279832908691,46,0.9399801587301587,0.9327050264550265,0.9361772486772487,0.9366732804232805,0.935681216931217,0.9362433862433862,0.0023233026547949927
2.9883271217346192,0.08608068931857936,0.09721364974975585,0.01684007007712756,0.945976267451202,0.9192843513172515,0.8934349973634754,0.36249205828726616,0.13868108941887847,27,67,1.397373109530931,1.890258594935382,0.7381042797480669,"{'colsample_bylevel': 0.945976267451202, 'colsample_bynode': 0.9192843513172515, 'colsample_bytree': 0.8934349973634754, 'gamma': 0.36249205828726616, 'learning_rate': 0.13868108941887847, 'max_depth': 27, 'n_estimators': 67, 'reg_alpha': 1.397373109530931, 'reg_lambda': 1.890258594935382, 'subsample': 0.7381042797480669}",0.8802910052910053,0.8816137566137566,0.8740079365079365,0.8842592592592593,0.8802910052910053,0.8800925925925928,0.003369772275888106,14,0.9735449735449735,0.9730489417989417,0.9716435185185185,0.9723048941798942,0.9716435185185185,0.9724371693121693,0.0007587826657131997
1.9900101661682128,0.0291628268827217,0.05927319526672363,0.004657741105525254,0.970235502629784,0.9072283556936108,0.731845782852669,1.4549140627066102,0.1259218883264093,29,101,1.9508035873746294,0.5279551111398291,0.7030185003590317,"{'colsample_bylevel': 0.970235502629784, 'colsample_bynode': 0.9072283556936108, 'colsample_bytree': 0.731845782852669, 'gamma': 1.4549140627066102, 'learning_rate': 0.1259218883264093, 'max_depth': 29, 'n_estimators': 101, 'reg_alpha': 1.9508035873746294, 'reg_lambda': 0.5279551111398291, 'subsample': 0.7030185003590317}",0.8531746031746031,0.8525132275132276,0.8452380952380952,0.8571428571428571,0.8515211640211641,0.8519179894179894,0.003847364966203423,73,0.9085648148148148,0.9089781746031746,0.910135582010582,0.9089781746031746,0.9068287037037037,0.9086970899470899,0.0010710406574538042
4.893854665756225,0.06142945938968726,0.14052982330322267,0.0022309741112239985,0.977371139336828,0.9093311384514119,0.8770916592201252,0.09960420114194113,0.14442971088012732,28,90,1.2786529243371834,1.1769702166653768,0.7302489992076545,"{'colsample_bylevel': 0.977371139336828, 'colsample_bynode': 0.9093311384514119, 'colsample_bytree': 0.8770916592201252, 'gamma': 0.09960420114194113, 'learning_rate': 0.14442971088012732, 'max_depth': 28, 'n_estimators': 90, 'reg_alpha': 1.2786529243371834, 'reg_lambda': 1.1769702166653768, 'subsample': 0.7302489992076545}",0.8792989417989417,0.8928571428571429,0.8869047619047619,0.8941798941798942,0.8862433862433863,0.8878968253968254,0.005323971374999526,5,0.99619708994709,0.9953703703703703,0.9957010582010583,0.9955357142857143,0.996031746031746,0.9957671957671959,0.00030666727829021915
1.563718605041504,0.027247122950910956,0.06542983055114746,0.0034566631887468736,0.6273812730087202,0.6231062696202171,0.6665906230712867,0.8535679388579203,0.1465800904404397,40,77,1.454710890696629,0.5588817656548664,0.7902055521265025,"{'colsample_bylevel': 0.6273812730087202, 'colsample_bynode': 0.6231062696202171, 'colsample_bytree': 0.6665906230712867, 'gamma': 0.8535679388579203, 'learning_rate': 0.1465800904404397, 'max_depth': 40, 'n_estimators': 77, 'reg_alpha': 1.454710890696629, 'reg_lambda': 0.5588817656548664, 'subsample': 0.7902055521265025}",0.8558201058201058,0.8564814814814815,0.8482142857142857,0.8591269841269841,0.8458994708994709,0.8531084656084656,0.005116158625876629,70,0.923693783068783,0.9203042328042328,0.9209656084656085,0.9243551587301587,0.9184854497354498,0.9215608465608465,0.002179405919210487
3.238627576828003,0.03672067378995315,0.11329641342163085,0.004684772735525993,0.8708974822705373,0.7066066876529,0.9035538575868856,0.3921176708936407,0.11165979385270187,16,118,1.4803282718291315,0.029151686581705416,0.8176180225195481,"{'colsample_bylevel': 0.8708974822705373, 'colsample_bynode': 0.7066066876529, 'colsample_bytree': 0.9035538575868856, 'gamma': 0.3921176708936407, 'learning_rate': 0.11165979385270187, 'max_depth': 16, 'n_estimators': 118, 'reg_alpha': 1.4803282718291315, 'reg_lambda': 0.029151686581705416, 'subsample': 0.8176180225195481}",0.8773148148148148,0.8832671957671958,0.8773148148148148,0.8822751322751323,0.8776455026455027,0.879563492063492,0.002640537669004945,18,0.9741236772486772,0.9736276455026455,0.9736276455026455,0.97255291005291,0.9730489417989417,0.9733961640211639,0.0005418640743443825
3.3505533218383787,0.0349424582251776,0.10322699546813965,0.0033099306805175013,0.8445595854793391,0.9921717016397961,0.8043291588705529,0.3020211394991854,0.09140680147834729,19,66,1.0394370446964496,0.8785443295307782,0.6427322460247508,"{'colsample_bylevel': 0.8445595854793391, 'colsample_bynode': 0.9921717016397961, 'colsample_bytree': 0.8043291588705529, 'gamma': 0.3020211394991854, 'learning_rate': 0.09140680147834729, 'max_depth': 19, 'n_estimators': 66, 'reg_alpha': 1.0394370446964496, 'reg_lambda': 0.8785443295307782, 'subsample': 0.6427322460247508}",0.8743386243386243,0.8802910052910053,0.8736772486772487,0.8865740740740741,0.8773148148148148,0.8784391534391535,0.0046980954061317595,20,0.9735449735449735,0.9723048941798942,0.97255291005291,0.9718088624338624,0.9708994708994709,0.9722222222222221,0.000870218079824095
2.745578479766846,0.027735122201677835,0.09008903503417968,0.0038941380319765014,0.7138573780925017,0.8639308284027275,0.9783826290405421,1.6029080468133132,0.06562433472518628,49,110,1.7313479262541034,1.060293531152661,0.6826777425940942,"{'colsample_bylevel': 0.7138573780925017, 'colsample_bynode': 0.8639308284027275, 'colsample_bytree': 0.9783826290405421, 'gamma': 1.6029080468133132, 'learning_rate': 0.06562433472518628, 'max_depth': 49, 'n_estimators': 110, 'reg_alpha': 1.7313479262541034, 'reg_lambda': 1.060293531152661, 'subsample': 0.6826777425940942}",0.8495370370370371,0.8505291005291006,0.8363095238095238,0.8492063492063492,0.8379629629629629,0.8447089947089947,0.006220448177792345,88,0.9000496031746031,0.8968253968253969,0.8990575396825397,0.9008763227513228,0.8976521164021164,0.8988921957671957,0.001490848423128283
1.9505052089691162,0.0745829570036719,0.07059526443481445,0.012602274529349351,0.8053996891404692,0.6998039682065115,0.6762859577329611,1.8762248864789102,0.09810612860965578,24,113,1.1913266873230826,0.4900157022832159,0.7435876255069169,"{'colsample_bylevel': 0.8053996891404692, 'colsample_bynode': 0.6998039682065115, 'colsample_bytree': 0.6762859577329611, 'gamma': 1.8762248864789102, 'learning_rate': 0.09810612860965578, 'max_depth': 24, 'n_estimators': 113, 'reg_alpha': 1.1913266873230826, 'reg_lambda': 0.4900157022832159, 'subsample': 0.7435876255069169}",0.843915343915344,0.845568783068783,0.8366402116402116,0.8472222222222222,0.8379629629629629,0.8422619047619048,0.004203769466156278,91,0.8969080687830688,0.8966600529100529,0.8987268518518519,0.8971560846560847,0.8951719576719577,0.8969246031746032,0.0011352277707521096
2.7058444023132324,0.1505830339709346,0.0991948127746582,0.025257237326328983,0.8329690880773796,0.773207775948805,0.9302978658811101,1.5666514804663523,0.10130833427322714,41,108,0.6280240453873227,1.7658854270947548,0.7604667188479877,"{'colsample_bylevel': 0.8329690880773796, 'colsample_bynode': 0.773207775948805, 'colsample_bytree': 0.9302978658811101, 'gamma': 1.5666514804663523, 'learning_rate': 0.10130833427322714, 'max_depth': 41, 'n_estimators': 108, 'reg_alpha': 0.6280240453873227, 'reg_lambda': 1.7658854270947548, 'subsample': 0.7604667188479877}",0.859457671957672,0.8624338624338624,0.855489417989418,0.8634259259259259,0.8581349206349206,0.8597883597883598,0.002882869671653883,57,0.9264219576719577,0.9194775132275133,0.9244378306878307,0.9253472222222222,0.9197255291005291,0.9230820105820106,0.002911461750119652
6.201399421691894,0.2505042241910658,0.1643951416015625,0.007302622970336222,0.9638087087364916,0.7983003131402113,0.9491702270323544,0.07351775809908045,0.0879105558188451,32,92,1.7514529572962152,1.6407059823005763,0.7209698608502845,"{'colsample_bylevel': 0.9638087087364916, 'colsample_bynode': 0.7983003131402113, 'colsample_bytree': 0.9491702270323544, 'gamma': 0.07351775809908045, 'learning_rate': 0.0879105558188451, 'max_depth': 32, 'n_estimators': 92, 'reg_alpha': 1.7514529572962152, 'reg_lambda': 1.6407059823005763, 'subsample': 0.7209698608502845}",0.876984126984127,0.8882275132275133,0.8766534391534392,0.8832671957671958,0.8753306878306878,0.8800925925925925,0.0049075678463198985,15,0.9827215608465608,0.9820601851851852,0.9812334656084656,0.9812334656084656,0.9802414021164021,0.9814980158730158,0.0008404937187261203
2.3803256511688233,0.11279775170227099,0.10109691619873047,0.012040328295690189,0.621326949363035,0.6042051942834518,0.8534332643529454,1.8360188045192967,0.06415994919641801,28,111,1.4274085957452287,0.9692847369864954,0.8997669992129308,"{'colsample_bylevel': 0.621326949363035, 'colsample_bynode': 0.6042051942834518, 'colsample_bytree': 0.8534332643529454, 'gamma': 1.8360188045192967, 'learning_rate': 0.06415994919641801, 'max_depth': 28, 'n_estimators': 111, 'reg_alpha': 1.4274085957452287, 'reg_lambda': 0.9692847369864954, 'subsample': 0.8997669992129308}",0.8425925925925926,0.8396164021164021,0.8373015873015873,0.83994708994709,0.8346560846560847,0.8388227513227513,0.002675098996846115,96,0.8929398148148148,0.890790343915344,0.8962466931216931,0.8928571428571429,0.8927744708994709,0.893121693121693,0.0017563851487949022
2.053596782684326,0.049601061699430606,0.056667327880859375,0.004793795414664974,0.8983004533238246,0.8593021686002307,0.8551694385349111,0.9504747120410899,0.13339804096862953,49,61,0.45766049841666434,0.7236444193223655,0.9477882087557336,"{'colsample_bylevel': 0.8983004533238246, 'colsample_bynode': 0.8593021686002307, 'colsample_bytree': 0.8551694385349111, 'gamma': 0.9504747120410899, 'learning_rate': 0.13339804096862953, 'max_depth': 49, 'n_estimators': 61, 'reg_alpha': 0.45766049841666434, 'reg_lambda': 0.7236444193223655, 'subsample': 0.9477882087557336}",0.8707010582010583,0.8792989417989417,0.8664021164021164,0.8792989417989417,0.8700396825396826,0.8731481481481481,0.0052311428394934065,32,0.9676752645502645,0.9674272486772487,0.9632936507936508,0.9666005291005291,0.9672619047619048,0.9664517195767196,0.0016186823082698916
1.5734098434448243,0.03984688337859112,0.05320959091186524,0.003813620902437249,0.7014870985997758,0.6533271121890916,0.6269416785946084,1.9626198708589953,0.11596397667371817,27,92,1.2734683080445846,1.9389656513395794,0.8129718513126918,"{'colsample_bylevel': 0.7014870985997758, 'colsample_bynode': 0.6533271121890916, 'colsample_bytree': 0.6269416785946084, 'gamma': 1.9626198708589953, 'learning_rate': 0.11596397667371817, 'max_depth': 27, 'n_estimators': 92, 'reg_alpha': 1.2734683080445846, 'reg_lambda': 1.9389656513395794, 'subsample': 0.8129718513126918}",0.8349867724867724,0.8323412698412699,0.828042328042328,0.8392857142857143,0.8277116402116402,0.832473544973545,0.004360066064510452,100,0.8821097883597884,0.8787202380952381,0.8825231481481481,0.8800429894179894,0.8812830687830688,0.8809358465608466,0.0013945855081983717
2.033889389038086,0.058839436031839776,0.05754241943359375,0.006052316355968838,0.6528180538613061,0.7609462648734848,0.7667708203197104,1.7862924610064215,0.12563189520198803,23,140,0.9288392489132167,1.148132726101676,0.8638778182594038,"{'colsample_bylevel': 0.6528180538613061, 'colsample_bynode': 0.7609462648734848, 'colsample_bytree': 0.7667708203197104, 'gamma': 1.7862924610064215, 'learning_rate': 0.12563189520198803, 'max_depth': 23, 'n_estimators': 140, 'reg_alpha': 0.9288392489132167, 'reg_lambda': 1.148132726101676, 'subsample': 0.8638778182594038}",0.8495370370370371,0.8488756613756614,0.8442460317460317,0.8538359788359788,0.8409391534391535,0.8474867724867725,0.004468080887316008,84,0.9092261904761905,0.9065806878306878,0.91005291005291,0.9079861111111112,0.9087301587301587,0.9085152116402115,0.0011780101276823265
2.208671712875366,0.03802933824638368,0.05396265983581543,0.0018354138215446205,0.7400038064661238,0.9686425555955018,0.8272728779209566,1.5559755834848563,0.13383160438370942,31,137,1.764122084056873,1.388984637999382,0.9459015163910758,"{'colsample_bylevel': 0.7400038064661238, 'colsample_bynode': 0.9686425555955018, 'colsample_bytree': 0.8272728779209566, 'gamma': 1.5559755834848563, 'learning_rate': 0.13383160438370942, 'max_depth': 31, 'n_estimators': 137, 'reg_alpha': 1.764122084056873, 'reg_lambda': 1.388984637999382, 'subsample': 0.9459015163910758}",0.853505291005291,0.8501984126984127,0.8495370370370371,0.8568121693121693,0.8478835978835979,0.8515873015873016,0.0031883520616915128,75,0.9175760582010583,0.9123677248677249,0.9184027777777778,0.9148478835978836,0.9148478835978836,0.9156084656084656,0.0021605078869714996
2.810705852508545,0.03466177051550906,0.07949004173278809,0.002023538823519961,0.9903496897057313,0.7120284945162292,0.9470957302771795,1.1465383244359217,0.10842275178944795,21,132,0.8969012831353615,1.3631567383388925,0.6916550797790482,"{'colsample_bylevel': 0.9903496897057313, 'colsample_bynode': 0.7120284945162292, 'colsample_bytree': 0.9470957302771795, 'gamma': 1.1465383244359217, 'learning_rate': 0.10842275178944795, 'max_depth': 21, 'n_estimators': 132, 'reg_alpha': 0.8969012831353615, 'reg_lambda': 1.3631567383388925, 'subsample': 0.6916550797790482}",0.8650793650793651,0.8654100529100529,0.8607804232804233,0.8716931216931217,0.861441798941799,0.8648809523809524,0.0038824497675765206,48,0.9368386243386243,0.9325396825396826,0.9341104497354498,0.9359292328042328,0.9370039682539683,0.9352843915343916,0.0017146411158311223
2.30786771774292,0.026208975406871077,0.08736400604248047,0.005185164940314565,0.7350985058824392,0.908507978581268,0.6082530238149207,1.1798019516446299,0.10976313483045841,38,125,1.7345947904334709,1.272544582114013,0.6041637666904456,"{'colsample_bylevel': 0.7350985058824392, 'colsample_bynode': 0.908507978581268, 'colsample_bytree': 0.6082530238149207, 'gamma': 1.1798019516446299, 'learning_rate': 0.10976313483045841, 'max_depth': 38, 'n_estimators': 125, 'reg_alpha': 1.7345947904334709, 'reg_lambda': 1.272544582114013, 'subsample': 0.6041637666904456}",0.8485449735449735,0.8492063492063492,0.8429232804232805,0.855489417989418,0.8392857142857143,0.8470899470899471,0.005575204607330048,87,0.9038525132275133,0.9030257936507936,0.9033564814814815,0.9031084656084656,0.9017857142857143,0.9030257936507937,0.0006837325769886053
2.6118534088134764,0.04017460678606029,0.0629509449005127,0.004717630394696718,0.9916412315605535,0.9839752452555679,0.8255437932717227,1.5370447024784637,0.12875569025336941,34,131,1.6097499082306452,1.3605188465116516,0.7576115311529086,"{'colsample_bylevel': 0.9916412315605535, 'colsample_bynode': 0.9839752452555679, 'colsample_bytree': 0.8255437932717227, 'gamma': 1.5370447024784637, 'learning_rate': 0.12875569025336941, 'max_depth': 34, 'n_estimators': 131, 'reg_alpha': 1.6097499082306452, 'reg_lambda': 1.3605188465116516, 'subsample': 0.7576115311529086}",0.859457671957672,0.8571428571428571,0.8478835978835979,0.8624338624338624,0.8581349206349206,0.857010582010582,0.004898646610354809,63,0.916005291005291,0.9135251322751323,0.9166666666666666,0.9165013227513228,0.9146825396825397,0.9154761904761906,0.0011987148783327857
4.681023406982422,0.09625848631933934,0.12284960746765136,0.011126054472693473,0.9218474430748933,0.9716476553169097,0.910510346548311,0.6234830572470098,0.05523790642617024,33,82,1.118211115774671,1.237458343479796,0.705706311634254,"{'colsample_bylevel': 0.9218474430748933, 'colsample_bynode': 0.9716476553169097, 'colsample_bytree': 0.910510346548311, 'gamma': 0.6234830572470098, 'learning_rate': 0.05523790642617024, 'max_depth': 33, 'n_estimators': 82, 'reg_alpha': 1.118211115774671, 'reg_lambda': 1.237458343479796, 'subsample': 0.705706311634254}",0.8716931216931217,0.873015873015873,0.8687169312169312,0.8746693121693122,0.8683862433862434,0.8712962962962963,0.0024336467583299347,35,0.9503141534391535,0.9497354497354498,0.949156746031746,0.9507275132275133,0.9522156084656085,0.9504298941798941,0.0010386440988451994
3.413965368270874,0.09707555248768962,0.13034114837646485,0.0301025233478437,0.7419993257137439,0.7061215514636727,0.9510754532727499,0.9291493380574434,0.07391536358985457,29,121,0.8873007001088868,1.9677979783554083,0.8998493427639446,"{'colsample_bylevel': 0.7419993257137439, 'colsample_bynode': 0.7061215514636727, 'colsample_bytree': 0.9510754532727499, 'gamma': 0.9291493380574434, 'learning_rate': 0.07391536358985457, 'max_depth': 29, 'n_estimators': 121, 'reg_alpha': 0.8873007001088868, 'reg_lambda': 1.9677979783554083, 'subsample': 0.8998493427639446}",0.8660714285714286,0.8723544973544973,0.8654100529100529,0.8746693121693122,0.8607804232804233,0.8678571428571429,0.005017745168886428,43,0.947255291005291,0.9437003968253969,0.9436177248677249,0.9457671957671958,0.9444444444444444,0.9449570105820106,0.0013837616370970798
4.755774068832397,0.050991168709137384,0.15755481719970704,0.01439032638961385,0.6069866895854117,0.9179806450564945,0.8787229849554672,0.33336086804776066,0.054241382904660906,16,98,1.0738216253591846,1.8376842825908608,0.8500323807338496,"{'colsample_bylevel': 0.6069866895854117, 'colsample_bynode': 0.9179806450564945, 'colsample_bytree': 0.8787229849554672, 'gamma': 0.33336086804776066, 'learning_rate': 0.054241382904660906, 'max_depth': 16, 'n_estimators': 98, 'reg_alpha': 1.0738216253591846, 'reg_lambda': 1.8376842825908608, 'subsample': 0.8500323807338496}",0.8700396825396826,0.876984126984127,0.8720238095238095,0.8796296296296297,0.8716931216931217,0.874074074074074,0.003618879370450907,30,0.9672619047619048,0.9665178571428571,0.9651124338624338,0.9641203703703703,0.9655257936507936,0.965707671957672,0.0010935222065996376
2.1320119380950926,0.0877574676335873,0.08073678016662597,0.007606195336876014,0.7792705087468005,0.7315020752413278,0.7485568635590354,0.6684269918283332,0.13115818050257072,16,91,1.5259676435386043,0.22984572046945284,0.8120531244517084,"{'colsample_bylevel': 0.7792705087468005, 'colsample_bynode': 0.7315020752413278, 'colsample_bytree': 0.7485568635590354, 'gamma': 0.6684269918283332, 'learning_rate': 0.13115818050257072, 'max_depth': 16, 'n_estimators': 91, 'reg_alpha': 1.5259676435386043, 'reg_lambda': 0.22984572046945284, 'subsample': 0.8120531244517084}",0.8670634920634921,0.8726851851851852,0.8624338624338624,0.8713624338624338,0.8667328042328042,0.8680555555555556,0.003652566473937593,40,0.9500661375661376,0.9474206349206349,0.9486607142857143,0.9473379629629629,0.9460978835978836,0.9479166666666666,0.0013463097212845472
7.273810958862304,0.03750507918247962,0.2009366989135742,0.013225139716636155,0.8927423894595927,0.9766959513840006,0.6488415331573866,0.04015118297845843,0.09006189323552759,28,105,0.46793813882501434,1.6507161675848612,0.7876653304405503,"{'colsample_bylevel': 0.8927423894595927, 'colsample_bynode': 0.9766959513840006, 'colsample_bytree': 0.6488415331573866, 'gamma': 0.04015118297845843, 'learning_rate': 0.09006189323552759, 'max_depth': 28, 'n_estimators': 105, 'reg_alpha': 0.46793813882501434, 'reg_lambda': 1.6507161675848612, 'subsample': 0.7876653304405503}",0.8852513227513228,0.8938492063492064,0.8938492063492064,0.8935185185185185,0.8826058201058201,0.8898148148148148,0.004879858927432994,2,0.9993386243386243,0.9990906084656085,0.9989252645502645,0.9992559523809523,0.9990079365079365,0.9991236772486772,0.00015333363914508442
5.972574949264526,0.3615098245837862,0.20533790588378906,0.008368809860533738,0.6382947061421794,0.6453642686118669,0.7880039673840218,0.08734202402015367,0.061965316026533136,18,93,0.1822416560489757,1.50440232428883,0.9264507345603253,"{'colsample_bylevel': 0.6382947061421794, 'colsample_bynode': 0.6453642686118669, 'colsample_bytree': 0.7880039673840218, 'gamma': 0.08734202402015367, 'learning_rate': 0.061965316026533136, 'max_depth': 18, 'n_estimators': 93, 'reg_alpha': 0.1822416560489757, 'reg_lambda': 1.50440232428883, 'subsample': 0.9264507345603253}",0.8799603174603174,0.8882275132275133,0.8832671957671958,0.8921957671957672,0.8819444444444444,0.8851190476190476,0.004469059763631269,8,0.997933201058201,0.9969411375661376,0.9975198412698413,0.9977678571428571,0.9973544973544973,0.997503306878307,0.00034445546719575644
2.461007308959961,0.03859794753708688,0.08566899299621582,0.008734409734944609,0.6703040145769733,0.9308971846187144,0.7230743150251532,1.8676250756961517,0.059887520939627195,25,97,1.6502748356879144,1.4345451899485546,0.9189619684032181,"{'colsample_bylevel': 0.6703040145769733, 'colsample_bynode': 0.9308971846187144, 'colsample_bytree': 0.7230743150251532, 'gamma': 1.8676250756961517, 'learning_rate': 0.059887520939627195, 'max_depth': 25, 'n_estimators': 97, 'reg_alpha': 1.6502748356879144, 'reg_lambda': 1.4345451899485546, 'subsample': 0.9189619684032181}",0.8478835978835979,0.8468915343915344,0.8363095238095238,0.8508597883597884,0.8382936507936508,0.8440476190476192,0.005695515910479094,89,0.9007936507936508,0.8975694444444444,0.8981481481481481,0.8976521164021164,0.8990575396825397,0.8986441798941799,0.001198030484969376
2.826948308944702,0.02782134043147325,0.08488297462463379,0.005318443673593632,0.6850839947801803,0.8967208970691607,0.7665287356060203,0.982554072052281,0.1111923911761397,32,148,1.4774079355234695,1.246739686863963,0.6296081935400694,"{'colsample_bylevel': 0.6850839947801803, 'colsample_bynode': 0.8967208970691607, 'colsample_bytree': 0.7665287356060203, 'gamma': 0.982554072052281, 'learning_rate': 0.1111923911761397, 'max_depth': 32, 'n_estimators': 148, 'reg_alpha': 1.4774079355234695, 'reg_lambda': 1.246739686863963, 'subsample': 0.6296081935400694}",0.8597883597883598,0.8604497354497355,0.8531746031746031,0.8640873015873016,0.8544973544973545,0.8583994708994709,0.004025165093836769,58,0.9255125661375662,0.9230324074074074,0.9255952380952381,0.9254298941798942,0.9260085978835979,0.9251157407407409,0.0010605236581233155
4.037985372543335,0.07170053441838033,0.10801057815551758,0.011839529046297575,0.9816735884646589,0.8808727374090974,0.8982451958031055,0.9567819261341863,0.0811031753696036,42,132,0.3276765942518627,1.7268769363374454,0.7311940235756066,"{'colsample_bylevel': 0.9816735884646589, 'colsample_bynode': 0.8808727374090974, 'colsample_bytree': 0.8982451958031055, 'gamma': 0.9567819261341863, 'learning_rate': 0.0811031753696036, 'max_depth': 42, 'n_estimators': 132, 'reg_alpha': 0.3276765942518627, 'reg_lambda': 1.7268769363374454, 'subsample': 0.7311940235756066}",0.8720238095238095,0.8763227513227513,0.8700396825396826,0.8799603174603174,0.8740079365079365,0.8744708994708995,0.0034467762488876513,28,0.9612268518518519,0.9587466931216931,0.9580026455026455,0.9599041005291006,0.9582506613756614,0.9592261904761905,0.0011950602512958216
3.9024394035339354,0.04051518451075053,0.1267561435699463,0.008154427359498518,0.8666637022732473,0.959731798405461,0.7986521265295446,0.1477575229871113,0.1390787206513081,27,83,1.8755212110476696,1.472574356478868,0.6968635228048984,"{'colsample_bylevel': 0.8666637022732473, 'colsample_bynode': 0.959731798405461, 'colsample_bytree': 0.7986521265295446, 'gamma': 0.1477575229871113, 'learning_rate': 0.1390787206513081, 'max_depth': 27, 'n_estimators': 83, 'reg_alpha': 1.8755212110476696, 'reg_lambda': 1.472574356478868, 'subsample': 0.6968635228048984}",0.8759920634920635,0.8835978835978836,0.8759920634920635,0.8878968253968254,0.8773148148148148,0.88015873015873,0.004785728178604634,13,0.9831349206349206,0.9826388888888888,0.9814814814814815,0.9812334656084656,0.9808201058201058,0.9818617724867724,0.0008774139657024659
1.9332600116729737,0.01390119475094034,0.060375213623046875,0.0019884679463677223,0.8094254259401449,0.7876172920930666,0.8092703458420123,1.894757807724138,0.08714953307650927,32,78,0.880658800159154,0.9255367355033681,0.7491371298137655,"{'colsample_bylevel': 0.8094254259401449, 'colsample_bynode': 0.7876172920930666, 'colsample_bytree': 0.8092703458420123, 'gamma': 1.894757807724138, 'learning_rate': 0.08714953307650927, 'max_depth': 32, 'n_estimators': 78, 'reg_alpha': 0.880658800159154, 'reg_lambda': 0.9255367355033681, 'subsample': 0.7491371298137655}",0.853505291005291,0.84755291005291,0.8449074074074074,0.8521825396825397,0.8445767195767195,0.8485449735449734,0.003682383837850553,81,0.908316798941799,0.9050925925925926,0.9075727513227513,0.9066633597883598,0.9037698412698413,0.9062830687830686,0.0016539351108027336
1.747819185256958,0.23284758438446015,0.044503641128540036,0.004269251702185124,0.7482985186529275,0.8359981324109748,0.7322993497555699,1.8276546451704374,0.1225191015084732,36,134,0.6767236276975257,0.029979886349731588,0.8479461108502393,"{'colsample_bylevel': 0.7482985186529275, 'colsample_bynode': 0.8359981324109748, 'colsample_bytree': 0.7322993497555699, 'gamma': 1.8276546451704374, 'learning_rate': 0.1225191015084732, 'max_depth': 36, 'n_estimators': 134, 'reg_alpha': 0.6767236276975257, 'reg_lambda': 0.029979886349731588, 'subsample': 0.8479461108502393}",0.8581349206349206,0.8587962962962963,0.8528439153439153,0.8607804232804233,0.8515211640211641,0.8564153439153438,0.0035885343826059356,65,0.9290674603174603,0.921957671957672,0.9255952380952381,0.9281580687830688,0.9242724867724867,0.9258101851851851,0.0025836011884424227
