mean_fit_time,std_fit_time,mean_score_time,std_score_time,param_estimator__criterion,param_estimator__max_depth,param_estimator__max_features,param_estimator__splitter,param_learning_rate,param_n_estimators,params,split0_test_score,split1_test_score,split2_test_score,split3_test_score,split4_test_score,mean_test_score,std_test_score,rank_test_score,split0_train_score,split1_train_score,split2_train_score,split3_train_score,split4_train_score,mean_train_score,std_train_score
5.811672115325928,0.10120740821563155,0.3386258125305176,0.026255587998117152,gini,3,log2,best,0.06848176931756665,492,"{'estimator__criterion': 'gini', 'estimator__max_depth': 3, 'estimator__max_features': 'log2', 'estimator__splitter': 'best', 'learning_rate': 0.06848176931756665, 'n_estimators': 492}",0.7165289256198347,0.7296403472509302,0.7089706490285241,0.7308805291442745,0.7279867713931376,0.7228014444873402,0.008597269461760001,64,0.7372881355932204,0.7335951224553064,0.7258447866074197,0.7328717577761703,0.73927870207709,0.7337757009018413,0.004612360408538207
1.6210313320159913,0.1919453224921281,0.08851432800292969,0.006052950526519235,gini,2,sqrt,best,0.6308028080064928,135,"{'estimator__criterion': 'gini', 'estimator__max_depth': 2, 'estimator__max_features': 'sqrt', 'estimator__splitter': 'best', 'learning_rate': 0.6308028080064928, 'n_estimators': 135}",0.6413223140495867,0.6606035551880942,0.65274906986358,0.6696982224059529,0.649028524183547,0.6546803371381522,0.009744033597831133,88,0.6641174038859032,0.6554717371086081,0.6612586545416969,0.6790327580861837,0.6544383589955565,0.6628637825235897,0.008845494561028826
0.09314961433410644,0.013471064976731074,0.004449224472045899,0.0018544022212794277,entropy,,,random,0.19326574884585068,424,"{'estimator__criterion': 'entropy', 'estimator__max_depth': None, 'estimator__max_features': None, 'estimator__splitter': 'random', 'learning_rate': 0.19326574884585068, 'n_estimators': 424}",0.7888429752066116,0.7858619264158744,0.7928896238114923,0.7862753203803224,0.7759404712691195,0.7859620634166842,0.005600557334433542,41,1.0,1.0,1.0,1.0,1.0,1.0,0.0
3.8474932670593263,0.24334610844130616,0.29572186470031736,0.04058421719171279,gini,5,sqrt,random,0.28153314983835287,423,"{'estimator__criterion': 'gini', 'estimator__max_depth': 5, 'estimator__max_features': 'sqrt', 'estimator__splitter': 'random', 'learning_rate': 0.28153314983835287, 'n_estimators': 423}",0.7425619834710744,0.7511368334022324,0.7540305911533691,0.7622984704423316,0.7420421661843737,0.7504140089306762,0.007570794177617694,53,0.8131459280694502,0.8160586958768213,0.8055182391236954,0.8130618993489718,0.7985946057662499,0.8092758736370378,0.006380082914839763
11.179475402832031,0.11509067171799275,0.2621331691741943,0.03092718018794246,gini,5,,random,0.7585701620446833,413,"{'estimator__criterion': 'gini', 'estimator__max_depth': 5, 'estimator__max_features': None, 'estimator__splitter': 'random', 'learning_rate': 0.7585701620446833, 'n_estimators': 413}",0.740495867768595,0.7490698635799917,0.7457627118644068,0.7428689541132699,0.7321207110376189,0.7420636216727765,0.005740010077530388,58,0.8140760644894585,0.8228789914229616,0.8256691123282008,0.8103751162550377,0.7951844579931797,0.8136367484977676,0.010784387807653171
2.2097965717315673,0.08583040695271417,0.20622901916503905,0.023542219421604713,entropy,3,log2,random,0.05026746284225058,324,"{'estimator__criterion': 'entropy', 'estimator__max_depth': 3, 'estimator__max_features': 'log2', 'estimator__splitter': 'random', 'learning_rate': 0.05026746284225058, 'n_estimators': 324}",0.6661157024793388,0.6610169491525424,0.6581231914014055,0.6647374948325755,0.6498553121124432,0.6599697299956611,0.0057846759834793504,85,0.6744522529971062,0.6641521132582412,0.6721091247287383,0.6716957734835176,0.6631187351451896,0.6691055999225586,0.004575946665617273
8.050957107543946,0.15769420122718517,0.12194237709045411,0.016125088163610624,entropy,12,,random,0.6382888322042363,121,"{'estimator__criterion': 'entropy', 'estimator__max_depth': 12, 'estimator__max_features': None, 'estimator__splitter': 'random', 'learning_rate': 0.6382888322042363, 'n_estimators': 121}",0.8590909090909091,0.8623398098387763,0.8615130219098801,0.8660603555188094,0.8569656883009508,0.8611939569318652,0.003078885590209883,11,1.0,1.0,1.0,1.0,1.0,1.0,0.0
1.6710693359375,0.03571559128071205,0.14485387802124022,0.006145839336041473,gini,3,log2,random,0.9170850505277642,248,"{'estimator__criterion': 'gini', 'estimator__max_depth': 3, 'estimator__max_features': 'log2', 'estimator__splitter': 'random', 'learning_rate': 0.9170850505277642, 'n_estimators': 248}",0.6235537190082645,0.6362133112856553,0.6271186440677966,0.6370400992145515,0.6134766432410087,0.6274804833634554,0.008709839067300964,96,0.6628772219925589,0.6334607833006097,0.648858117185078,0.6401777410354449,0.6216802728118218,0.6414108272651026,0.013930446579116925
40.39914503097534,0.1551157829471056,0.3351911067962646,0.01720408377112476,gini,3,,best,0.13131020761872325,496,"{'estimator__criterion': 'gini', 'estimator__max_depth': 3, 'estimator__max_features': None, 'estimator__splitter': 'best', 'learning_rate': 0.13131020761872325, 'n_estimators': 496}",0.7057851239669422,0.7312939231087227,0.7040099214551467,0.711451012815213,0.7180653162463828,0.7141210595184816,0.009892588022125403,66,0.7280901198842497,0.7503358478867418,0.7353518652474941,0.744548930453653,0.7226413144569598,0.7361936155858196,0.010196607995785792
1.2874672412872314,0.024752187332459864,0.11074457168579102,0.003179371861839694,entropy,3,log2,random,0.3873788897069701,204,"{'estimator__criterion': 'entropy', 'estimator__max_depth': 3, 'estimator__max_features': 'log2', 'estimator__splitter': 'random', 'learning_rate': 0.3873788897069701, 'n_estimators': 204}",0.6710743801652893,0.6858205870194295,0.6672178586192642,0.687474162877222,0.6626705250103349,0.674851502738308,0.010005675937447419,80,0.6834435717238528,0.6938100651028212,0.6863697426888499,0.685749715821019,0.6844063242740519,0.686755883922119,0.003671914870159235
9.83196530342102,0.37746430694444283,0.30164566040039065,0.015260709493158515,entropy,5,log2,best,0.590426362031689,481,"{'estimator__criterion': 'entropy', 'estimator__max_depth': 5, 'estimator__max_features': 'log2', 'estimator__splitter': 'best', 'learning_rate': 0.590426362031689, 'n_estimators': 481}",0.740909090909091,0.7370814386109963,0.756924348904506,0.7565109549400578,0.7532038032244729,0.7489259273178248,0.008299026363515115,55,0.8538652335675899,0.8487134442492508,0.8476800661361993,0.8517102407771003,0.8546036994936447,0.8513145368447569,0.0027370161244151168
213.37924032211305,7.830676043462855,0.48302135467529295,0.044092030718649054,entropy,10,,best,0.03495626165570564,495,"{'estimator__criterion': 'entropy', 'estimator__max_depth': 10, 'estimator__max_features': None, 'estimator__splitter': 'best', 'learning_rate': 0.03495626165570564, 'n_estimators': 495}",0.8677685950413223,0.8763952046300124,0.8735014468788755,0.8652335675899132,0.8631665977676726,0.8692130823815593,0.004989108294927491,7,1.0,1.0,1.0,1.0,1.0,1.0,0.0
75.16817693710327,1.1548320933937632,0.22766361236572266,0.009977506104716975,gini,15,,best,0.1416131724991172,201,"{'estimator__criterion': 'gini', 'estimator__max_depth': 15, 'estimator__max_features': None, 'estimator__splitter': 'best', 'learning_rate': 0.1416131724991172, 'n_estimators': 201}",0.8809917355371901,0.8846630839189747,0.882182720132286,0.8792889623811493,0.8743282348077718,0.8802909473554743,0.0034566863109029237,3,1.0,1.0,1.0,1.0,1.0,1.0,0.0
45.046523571014404,3.3824057307428834,0.2533918857574463,0.04558224800013677,entropy,3,,best,0.09895156681786953,370,"{'estimator__criterion': 'entropy', 'estimator__max_depth': 3, 'estimator__max_features': None, 'estimator__splitter': 'best', 'learning_rate': 0.09895156681786953, 'n_estimators': 370}",0.7214876033057851,0.7143447705663497,0.7056634973129392,0.7035965274906987,0.7122778007441092,0.7114740398839764,0.006402752299592195,68,0.7276767259198016,0.7163377079673453,0.7184044641934484,0.7224346388343494,0.7189211532499742,0.7207549380329838,0.003978239753602704
0.09716038703918457,0.010619088860606096,0.00463261604309082,0.0019126024165183587,entropy,,,random,0.6556481241473785,187,"{'estimator__criterion': 'entropy', 'estimator__max_depth': None, 'estimator__max_features': None, 'estimator__splitter': 'random', 'learning_rate': 0.6556481241473785, 'n_estimators': 187}",0.78099173553719,0.7912360479536998,0.7953699875981811,0.7697395618023977,0.7747002893757751,0.7824075244534487,0.00967317410676951,44,1.0,1.0,1.0,1.0,1.0,1.0,0.0
0.06741180419921874,0.008401144789543801,0.0038053035736083985,0.001618078268154703,gini,,sqrt,best,0.2431313418267933,246,"{'estimator__criterion': 'gini', 'estimator__max_depth': None, 'estimator__max_features': 'sqrt', 'estimator__splitter': 'best', 'learning_rate': 0.2431313418267933, 'n_estimators': 246}",0.7111570247933884,0.6903679206283588,0.7052501033484911,0.7102108309218685,0.6990491938817693,0.7032070147147753,0.007727355613885556,70,1.0,1.0,1.0,1.0,1.0,1.0,0.0
1.7944672107696533,0.08787864607539432,0.12452058792114258,0.007886709355411935,gini,7,sqrt,random,0.12908697292305504,174,"{'estimator__criterion': 'gini', 'estimator__max_depth': 7, 'estimator__max_features': 'sqrt', 'estimator__splitter': 'random', 'learning_rate': 0.12908697292305504, 'n_estimators': 174}",0.7830578512396694,0.7908226539892518,0.781314592806945,0.798677139313766,0.7763538652335676,0.7860452205166399,0.007843657616569886,40,0.864716825134353,0.8611139816058696,0.8667975612276532,0.8698976955668078,0.8621473597189212,0.8649346846507211,0.003178559462880042
3.968237829208374,0.07746899786914735,0.3227684020996094,0.012162216979641339,entropy,7,log2,random,0.16746064518198533,398,"{'estimator__criterion': 'entropy', 'estimator__max_depth': 7, 'estimator__max_features': 'log2', 'estimator__splitter': 'random', 'learning_rate': 0.16746064518198533, 'n_estimators': 398}",0.7929752066115703,0.7995039272426623,0.7804878048780488,0.7871021083092187,0.7854485324514262,0.7891035158985852,0.0065536792388733,38,0.9049193881769326,0.9056525782783921,0.9024491061279322,0.9092694016740726,0.9081326857497158,0.906084632001409,0.002412417625148839
10.05363917350769,0.16217965982648191,0.285512638092041,0.02557448844535715,entropy,5,sqrt,best,0.7999724436733792,343,"{'estimator__criterion': 'entropy', 'estimator__max_depth': 5, 'estimator__max_features': 'sqrt', 'estimator__splitter': 'best', 'learning_rate': 0.7999724436733792, 'n_estimators': 343}",0.7388429752066116,0.7412153782554775,0.7449359239355106,0.7428689541132699,0.7445225299710624,0.7424771522963864,0.0022441904250438903,57,0.84011988424969,0.8394130412317867,0.836932933760463,0.8399297302883125,0.8351761909682753,0.8383143560997055,0.0019407670009840416
3.1534245014190674,0.18325397599824444,0.2831743240356445,0.023833226315813503,entropy,2,sqrt,random,0.7577044707188288,427,"{'estimator__criterion': 'entropy', 'estimator__max_depth': 2, 'estimator__max_features': 'sqrt', 'estimator__splitter': 'random', 'learning_rate': 0.7577044707188288, 'n_estimators': 427}",0.6553719008264463,0.6680446465481604,0.6415874328234807,0.638693675072344,0.642414220752377,0.6492223752045616,0.011023533032450737,92,0.6609136006614303,0.667355585408701,0.6616720057869174,0.6588818848816782,0.6548517102407772,0.6607349573959008,0.004069131681785151
10.797924423217774,0.08862259918885225,0.2421812057495117,0.010855633861376295,gini,10,sqrt,best,0.18356991983307336,267,"{'estimator__criterion': 'gini', 'estimator__max_depth': 10, 'estimator__max_features': 'sqrt', 'estimator__splitter': 'best', 'learning_rate': 0.18356991983307336, 'n_estimators': 267}",0.8471074380165289,0.861099627945432,0.8515915667631253,0.8627532038032245,0.8524183546920215,0.8549940382440665,0.005964768174266865,14,1.0,1.0,1.0,1.0,1.0,1.0,0.0
4.972857332229614,0.06407773370188784,0.14125237464904786,0.010092981722396031,gini,7,sqrt,best,0.2157457723624049,176,"{'estimator__criterion': 'gini', 'estimator__max_depth': 7, 'estimator__max_features': 'sqrt', 'estimator__splitter': 'best', 'learning_rate': 0.2157457723624049, 'n_estimators': 176}",0.8198347107438017,0.8139727159983464,0.8168664737494833,0.8325754443985118,0.8218272013228607,0.8210153092426008,0.006363971432073761,27,0.9631045886730054,0.9586648754779373,0.9621783610623127,0.9635217526092797,0.9576314973648858,0.9610202150374842,0.002407265577194739
15.142191076278687,0.29268089074056963,0.3042116641998291,0.04444594474026139,gini,10,,random,0.7464019343289866,261,"{'estimator__criterion': 'gini', 'estimator__max_depth': 10, 'estimator__max_features': None, 'estimator__splitter': 'random', 'learning_rate': 0.7464019343289866, 'n_estimators': 261}",0.8528925619834711,0.8635799917321207,0.8532451426209178,0.8606862339809839,0.8548987184787102,0.8570605297592409,0.004295385382643983,12,1.0,1.0,1.0,1.0,1.0,1.0,0.0
4.75311598777771,0.10331264228028011,0.3304913997650146,0.008546426248425453,entropy,10,log2,random,0.2853221689420893,354,"{'estimator__criterion': 'entropy', 'estimator__max_depth': 10, 'estimator__max_features': 'log2', 'estimator__splitter': 'random', 'learning_rate': 0.2853221689420893, 'n_estimators': 354}",0.8119834710743802,0.8131459280694502,0.8040512608515916,0.8164530797850351,0.8102521703183133,0.8111771820197541,0.004098671965897478,29,0.9967961967755271,0.9970032034721504,0.9981399193965071,0.9978299059625917,0.9958664875477937,0.9971271426309141,0.0008042052462084315
7.715372228622437,0.15373369985244945,0.24974374771118163,0.014696257171336177,entropy,5,log2,best,0.467073419038334,345,"{'estimator__criterion': 'entropy', 'estimator__max_depth': 5, 'estimator__max_features': 'log2', 'estimator__splitter': 'best', 'learning_rate': 0.467073419038334, 'n_estimators': 345}",0.7508264462809917,0.7507234394377842,0.7474162877221993,0.7482430756510955,0.7482430756510955,0.7490904649486333,0.001408491639818151,54,0.843737081438611,0.8398263924770073,0.8408597705900589,0.8360028934587166,0.8353828665908856,0.8391618009110559,0.0031150285961698185
2.6072611808776855,0.11255426889300518,0.19829325675964354,0.010050011766888712,entropy,7,log2,random,0.980492076586965,242,"{'estimator__criterion': 'entropy', 'estimator__max_depth': 7, 'estimator__max_features': 'log2', 'estimator__splitter': 'random', 'learning_rate': 0.980492076586965, 'n_estimators': 242}",0.7268595041322314,0.7131045886730054,0.7180653162463828,0.7308805291442745,0.7416287722199256,0.726107742083164,0.0099800764622685,63,0.8484911120297643,0.8437532293066032,0.8384830009300404,0.8535703213805932,0.85150356515449,0.8471602457602982,0.00545210118770828
23.56108570098877,1.485021022702255,0.16271820068359374,0.004443877234372833,entropy,2,,best,0.1258571641049061,277,"{'estimator__criterion': 'entropy', 'estimator__max_depth': 2, 'estimator__max_features': None, 'estimator__splitter': 'best', 'learning_rate': 0.1258571641049061, 'n_estimators': 277}",0.6520661157024793,0.6614303431169904,0.65274906986358,0.6725919801570897,0.6465481603968583,0.6570771338473995,0.009103434621911849,87,0.6582265398925176,0.6568151286555751,0.6608453032964762,0.6642554510695463,0.6575384933347111,0.6595361832497653,0.0027237970877426448
12.646372222900391,0.2677923328374084,0.30727734565734866,0.009983912977871929,entropy,5,,random,0.5810475199556067,452,"{'estimator__criterion': 'entropy', 'estimator__max_depth': 5, 'estimator__max_features': None, 'estimator__splitter': 'random', 'learning_rate': 0.5810475199556067, 'n_estimators': 452}",0.7570247933884298,0.7540305911533691,0.7436957420421662,0.7540305911533691,0.7441091360066143,0.7505781707487897,0.005560819942329736,52,0.8346424142207524,0.8299059625917123,0.8060349281802212,0.8221556267438256,0.8051048878784748,0.8195687639229974,0.012108946188773293
42.45912594795227,1.5197091287840112,0.19242496490478517,0.02047229999719062,entropy,4,,best,0.7400675790244325,266,"{'estimator__criterion': 'entropy', 'estimator__max_depth': 4, 'estimator__max_features': None, 'estimator__splitter': 'best', 'learning_rate': 0.7400675790244325, 'n_estimators': 266}",0.7086776859504132,0.7197188921041753,0.7081438610996279,0.7279867713931376,0.7279867713931376,0.7185027963880982,0.008777366210959944,65,0.7767672591980157,0.7879508112018188,0.766973235506872,0.7814405290895938,0.7635630877338018,0.7753389845460203,0.009022022928508682
60.58299975395202,3.761535347469991,0.16550884246826172,0.012051741645471238,entropy,7,,best,0.5518787376413166,191,"{'estimator__criterion': 'entropy', 'estimator__max_depth': 7, 'estimator__max_features': None, 'estimator__splitter': 'best', 'learning_rate': 0.5518787376413166, 'n_estimators': 191}",0.846694214876033,0.864406779661017,0.857792476229847,0.854071930549814,0.8544853245142621,0.8554901451661946,0.005747982010253036,13,0.9925589086399339,0.9929730288312494,0.9917329750955874,0.9937997313216906,0.9908029347938411,0.9923735157364604,0.0010300382696739362
9.578898191452026,1.0507715337441499,0.6160646438598633,0.16303800166214585,gini,15,sqrt,random,0.18121957601802008,418,"{'estimator__criterion': 'gini', 'estimator__max_depth': 15, 'estimator__max_features': 'sqrt', 'estimator__splitter': 'random', 'learning_rate': 0.18121957601802008, 'n_estimators': 418}",0.815702479338843,0.8251343530384456,0.8168664737494833,0.8313352625051674,0.81976023150062,0.8217597600265119,0.005791565245405572,26,1.0,1.0,1.0,1.0,1.0,1.0,0.0
122.94453411102295,0.18574834323613798,0.3596808910369873,0.023827738352284564,gini,12,,best,0.27164736815703083,364,"{'estimator__criterion': 'gini', 'estimator__max_depth': 12, 'estimator__max_features': None, 'estimator__splitter': 'best', 'learning_rate': 0.27164736815703083, 'n_estimators': 364}",0.8805785123966943,0.892517569243489,0.885489871847871,0.8908639933856966,0.881769326167838,0.8862438546083178,0.004762167044283883,1,1.0,1.0,1.0,1.0,1.0,1.0,0.0
4.40126223564148,0.039511059795842476,0.255682373046875,0.016860687597365996,entropy,15,log2,random,0.4092379948720346,242,"{'estimator__criterion': 'entropy', 'estimator__max_depth': 15, 'estimator__max_features': 'log2', 'estimator__splitter': 'random', 'learning_rate': 0.4092379948720346, 'n_estimators': 242}",0.7950413223140496,0.7891690781314593,0.7924762298470442,0.8036378668871434,0.802397684993799,0.7965444364346992,0.005617523320449554,36,1.0,1.0,1.0,1.0,1.0,1.0,0.0
3.1109750747680662,0.07467308709459666,0.2908527374267578,0.01632638077545533,entropy,3,log2,random,0.9847912854575468,427,"{'estimator__criterion': 'entropy', 'estimator__max_depth': 3, 'estimator__max_features': 'log2', 'estimator__splitter': 'random', 'learning_rate': 0.9847912854575468, 'n_estimators': 427}",0.6024793388429752,0.6101694915254238,0.6382802811078958,0.625051674245556,0.6047953699875982,0.6161552311418899,0.013568862076588861,99,0.6273253410500207,0.6472047122041955,0.6514415624677069,0.64689469877028,0.6168233956804795,0.6379379420345365,0.013467706952542994
1.6982856273651123,0.03487006769137472,0.1525277614593506,0.006569520739597979,gini,2,log2,random,0.3064881922201459,257,"{'estimator__criterion': 'gini', 'estimator__max_depth': 2, 'estimator__max_features': 'log2', 'estimator__splitter': 'random', 'learning_rate': 0.3064881922201459, 'n_estimators': 257}",0.6512396694214876,0.6622571310458867,0.65274906986358,0.6453079785035138,0.6502687060768912,0.6523645109822719,0.005540110732075294,91,0.6498553121124432,0.656091763976439,0.6665288829182598,0.662705383899969,0.6520615893355379,0.6574485864485298,0.006302447519541514
266.4658184528351,19.184649178164285,0.498585844039917,0.0658354028404168,entropy,12,,best,0.8844145165236406,452,"{'estimator__criterion': 'entropy', 'estimator__max_depth': 12, 'estimator__max_features': None, 'estimator__splitter': 'best', 'learning_rate': 0.8844145165236406, 'n_estimators': 452}",0.8739669421487604,0.8879702356345598,0.8809425382389418,0.8842496899545267,0.8768085985944605,0.8807876009142499,0.005019046783582064,2,1.0,1.0,1.0,1.0,1.0,1.0,0.0
28.596982288360596,0.3290708102614404,0.46103487014770506,0.04028073655018731,gini,15,,random,0.9204883140696485,367,"{'estimator__criterion': 'gini', 'estimator__max_depth': 15, 'estimator__max_features': None, 'estimator__splitter': 'random', 'learning_rate': 0.9204883140696485, 'n_estimators': 367}",0.8425619834710744,0.8511781727986771,0.8441504754030591,0.8532451426209178,0.8445638693675073,0.847139928732247,0.004245269076014514,18,1.0,1.0,1.0,1.0,1.0,1.0,0.0
76.9794267654419,10.899167770847152,0.14114503860473632,0.008866960804346114,entropy,15,,best,0.9812647055982573,106,"{'estimator__criterion': 'entropy', 'estimator__max_depth': 15, 'estimator__max_features': None, 'estimator__splitter': 'best', 'learning_rate': 0.9812647055982573, 'n_estimators': 106}",0.8669421487603306,0.8701942951632906,0.8701942951632906,0.875155022736668,0.8664737494832575,0.8697919022613675,0.003105418947684029,6,1.0,1.0,1.0,1.0,1.0,1.0,0.0
4.727828502655029,0.2157976830344422,0.11743593215942383,0.00643917017238285,gini,5,,random,0.7422073080725561,184,"{'estimator__criterion': 'gini', 'estimator__max_depth': 5, 'estimator__max_features': None, 'estimator__splitter': 'random', 'learning_rate': 0.7422073080725561, 'n_estimators': 184}",0.7326446280991735,0.7399751963621332,0.7366680446465481,0.7432823480777181,0.739561802397685,0.7384264039166515,0.003571801796618692,59,0.7965068210004134,0.8025214425958458,0.7908442699183631,0.7998346595019118,0.7859873927870208,0.795138917160711,0.006010278398684756
22.689805126190187,0.9366834955627842,0.43229875564575193,0.068481816169557,gini,15,,random,0.8713865184021674,285,"{'estimator__criterion': 'gini', 'estimator__max_depth': 15, 'estimator__max_features': None, 'estimator__splitter': 'random', 'learning_rate': 0.8713865184021674, 'n_estimators': 285}",0.8458677685950413,0.8544853245142621,0.843737081438611,0.8528317486564696,0.8424968995452666,0.8478837645499301,0.00486499076618924,17,1.0,1.0,1.0,1.0,1.0,1.0,0.0
3.4909536838531494,0.10937036614347681,0.14682726860046386,0.019729820353394267,entropy,2,,random,0.8876226457691753,235,"{'estimator__criterion': 'entropy', 'estimator__max_depth': 2, 'estimator__max_features': None, 'estimator__splitter': 'random', 'learning_rate': 0.8876226457691753, 'n_estimators': 235}",0.6338842975206611,0.6415874328234807,0.6196775527077305,0.6477883422902025,0.6324927656056222,0.6350860781895393,0.009478473820365948,95,0.6436544026457214,0.6311873514518962,0.6180634494161413,0.645551307223313,0.6461713340911439,0.6369255689656432,0.010898361620671995
9.524823856353759,0.18237538482916552,0.7377326965332032,0.0641141426865495,gini,15,log2,random,0.5923126634207857,481,"{'estimator__criterion': 'gini', 'estimator__max_depth': 15, 'estimator__max_features': 'log2', 'estimator__splitter': 'random', 'learning_rate': 0.5923126634207857, 'n_estimators': 481}",0.7892561983471075,0.7891690781314593,0.7854485324514262,0.8011575031004547,0.7887556841670111,0.7907573992394917,0.005387568248944149,37,1.0,1.0,1.0,1.0,1.0,1.0,0.0
8.36177978515625,0.17820295055711688,0.49150824546813965,0.03879316006001173,entropy,15,sqrt,random,0.5562607464547268,316,"{'estimator__criterion': 'entropy', 'estimator__max_depth': 15, 'estimator__max_features': 'sqrt', 'estimator__splitter': 'random', 'learning_rate': 0.5562607464547268, 'n_estimators': 316}",0.7966942148760331,0.8048780487804879,0.7966101694915254,0.8131459280694502,0.8036378668871434,0.8029932456209281,0.006123176130515191,33,1.0,1.0,1.0,1.0,1.0,1.0,0.0
3.677188777923584,0.10227338556957245,0.12146110534667968,0.01849476248099556,gini,3,,random,0.9896649876759759,178,"{'estimator__criterion': 'gini', 'estimator__max_depth': 3, 'estimator__max_features': None, 'estimator__splitter': 'random', 'learning_rate': 0.9896649876759759, 'n_estimators': 178}",0.621900826446281,0.6126498553121125,0.5808185200496073,0.6200909466721786,0.639107069036792,0.6149134435033943,0.0191235415795448,100,0.6312525837122778,0.6180634494161413,0.6190968275291929,0.6126898832282732,0.6615686679756123,0.6285342823722996,0.01759777642379828
2.9559914112091064,0.05572108421457869,0.09997720718383789,0.00651401397895834,gini,12,log2,best,0.22556651929654403,85,"{'estimator__criterion': 'gini', 'estimator__max_depth': 12, 'estimator__max_features': 'log2', 'estimator__splitter': 'best', 'learning_rate': 0.22556651929654403, 'n_estimators': 85}",0.828099173553719,0.8309218685407193,0.8255477470028938,0.8354692021496486,0.8259611409673419,0.8291998264428646,0.0036690245397707822,25,1.0,1.0,1.0,1.0,1.0,1.0,0.0
3.111600875854492,0.017469947556704942,0.15472192764282228,0.012965692403902392,gini,2,sqrt,best,0.5020576609911874,263,"{'estimator__criterion': 'gini', 'estimator__max_depth': 2, 'estimator__max_features': 'sqrt', 'estimator__splitter': 'best', 'learning_rate': 0.5020576609911874, 'n_estimators': 263}",0.6504132231404959,0.6899545266639107,0.6482017362546507,0.6705250103348491,0.6498553121124432,0.6617899617012699,0.016285267612429582,84,0.6709384042992972,0.693086700423685,0.6659088560504288,0.6870931073679859,0.6720057869174331,0.677806571011766,0.010412478511295419
171.14266629219054,14.101504196100219,0.3985764503479004,0.0656963863342435,entropy,10,,best,0.06212195964093525,342,"{'estimator__criterion': 'entropy', 'estimator__max_depth': 10, 'estimator__max_features': None, 'estimator__splitter': 'best', 'learning_rate': 0.06212195964093525, 'n_estimators': 342}",0.8644628099173554,0.8735014468788755,0.8718478710210831,0.8689541132699462,0.8594460520876395,0.86764245863498,0.005119080400179362,10,1.0,1.0,1.0,1.0,1.0,1.0,0.0
50.70528335571289,1.41283728899751,0.34097847938537595,0.06866284178597196,gini,4,,best,0.12824213834301224,420,"{'estimator__criterion': 'gini', 'estimator__max_depth': 4, 'estimator__max_features': None, 'estimator__splitter': 'best', 'learning_rate': 0.12824213834301224, 'n_estimators': 420}",0.7553719008264462,0.7879288962381149,0.7763538652335676,0.7784208350558082,0.7825547747002893,0.7761260544108453,0.011105749202496198,45,0.8101488218272013,0.8233956804794874,0.8121318590472254,0.8206055595742482,0.8108918053115635,0.8154347452479452,0.005469957175122249
10.020734357833863,0.7093269015468854,0.745253610610962,0.22292976277940663,entropy,15,log2,random,0.7804991018346336,464,"{'estimator__criterion': 'entropy', 'estimator__max_depth': 15, 'estimator__max_features': 'log2', 'estimator__splitter': 'random', 'learning_rate': 0.7804991018346336, 'n_estimators': 464}",0.7760330578512397,0.7833815626291856,0.7784208350558082,0.7945431996692849,0.7825547747002893,0.7829866859811616,0.006373310323329198,43,1.0,1.0,1.0,1.0,1.0,1.0,0.0
17.684476852416992,0.9465725356132724,0.0745622158050537,0.023581832128769405,entropy,5,,best,0.9562082081101384,67,"{'estimator__criterion': 'entropy', 'estimator__max_depth': 5, 'estimator__max_features': None, 'estimator__splitter': 'best', 'learning_rate': 0.9562082081101384, 'n_estimators': 67}",0.7553719008264462,0.7333608929309632,0.7457627118644068,0.7478296816866474,0.7354278627532038,0.7435506100123336,0.008157893389150862,56,0.8198635799917321,0.8085150356515449,0.822465640177741,0.8170920739898729,0.7934277152009921,0.8122728090023766,0.010526132694786172
3.0549832344055177,0.26329209650850455,0.2508723735809326,0.05888849441605547,gini,3,sqrt,random,0.27028138728512596,298,"{'estimator__criterion': 'gini', 'estimator__max_depth': 3, 'estimator__max_features': 'sqrt', 'estimator__splitter': 'random', 'learning_rate': 0.27028138728512596, 'n_estimators': 298}",0.6768595041322314,0.6858205870194295,0.6878875568416701,0.704836709384043,0.6903679206283588,0.6891544556011466,0.00906963202002527,76,0.7029764365440264,0.6969101994419759,0.7049705487237781,0.7121008577038338,0.7078640074403224,0.7049644099707872,0.005062784510603859
1.4025442600250244,0.059078077062614066,0.06568894386291504,0.010057855168258623,entropy,2,sqrt,best,0.541400863225225,97,"{'estimator__criterion': 'entropy', 'estimator__max_depth': 2, 'estimator__max_features': 'sqrt', 'estimator__splitter': 'best', 'learning_rate': 0.541400863225225, 'n_estimators': 97}",0.6557851239669421,0.6680446465481604,0.6535758577924762,0.6477883422902025,0.6684580405126085,0.6587304022220779,0.008201887123181144,86,0.6585365853658537,0.6571251420894906,0.6614653301643071,0.6659088560504288,0.6677689366539217,0.6621609700648003,0.004110366926200162
4.011666584014892,0.11049194637808862,0.2583150386810303,0.017242564820491586,gini,2,log2,best,0.2200878846570118,384,"{'estimator__criterion': 'gini', 'estimator__max_depth': 2, 'estimator__max_features': 'log2', 'estimator__splitter': 'best', 'learning_rate': 0.2200878846570118, 'n_estimators': 384}",0.6723140495867769,0.6767259198015709,0.6676312525837123,0.6899545266639107,0.6738321620504341,0.6760915821372809,0.007530411976441959,79,0.6883009508061182,0.6879198098584272,0.6848196755192725,0.6978402397437222,0.6948434432158727,0.6907448238286825,0.004820875639539148
8.186145639419555,0.37480768584214996,0.29404845237731936,0.03259512460336313,gini,4,sqrt,best,0.9793061286875535,345,"{'estimator__criterion': 'gini', 'estimator__max_depth': 4, 'estimator__max_features': 'sqrt', 'estimator__splitter': 'best', 'learning_rate': 0.9793061286875535, 'n_estimators': 345}",0.6966942148760331,0.6858205870194295,0.6928482844150475,0.6887143447705664,0.6940884663083919,0.6916331794778937,0.0038839366592782498,74,0.7769739561802398,0.7625297096207503,0.7561227653198306,0.755812751885915,0.7589128862250698,0.7620704138463611,0.00783363725981307
4.115919208526611,0.5650304842643368,0.16019120216369628,0.03336067242577283,gini,3,sqrt,best,0.4724614189746875,212,"{'estimator__criterion': 'gini', 'estimator__max_depth': 3, 'estimator__max_features': 'sqrt', 'estimator__splitter': 'best', 'learning_rate': 0.4724614189746875, 'n_estimators': 212}",0.6966942148760331,0.69450186027284,0.673418768085986,0.6928482844150475,0.6891277387350144,0.6893181732769843,0.00832545056956438,75,0.729226953286482,0.7101374392890358,0.7177844373256175,0.711584168647308,0.7184044641934484,0.7174274925483782,0.0067468284047571495
42.132800579071045,0.28570731815851746,0.1842651844024658,0.016107781500295945,gini,5,,best,0.16287259958925482,253,"{'estimator__criterion': 'gini', 'estimator__max_depth': 5, 'estimator__max_features': None, 'estimator__splitter': 'best', 'learning_rate': 0.16287259958925482, 'n_estimators': 253}",0.8016528925619835,0.8156262918561389,0.8065316246382803,0.819346837536172,0.8156262918561389,0.8117567876897427,0.006587048008416525,28,0.8892104175279041,0.8934587165443836,0.890461920016534,0.886431745375633,0.8860183941304123,0.8891162387189734,0.002737881921199367
41.197258949279785,1.9547061719690406,0.11733489036560059,0.008088421547757895,gini,15,,best,0.9996370572794584,95,"{'estimator__criterion': 'gini', 'estimator__max_depth': 15, 'estimator__max_features': None, 'estimator__splitter': 'best', 'learning_rate': 0.9996370572794584, 'n_estimators': 95}",0.8661157024793389,0.8652335675899132,0.8718478710210831,0.8701942951632906,0.8697809011988425,0.8686344674904936,0.0025291750505669576,8,1.0,1.0,1.0,1.0,1.0,1.0,0.0
3.6325175762176514,0.10706516361341262,0.3097841262817383,0.02123412094221945,entropy,3,log2,random,0.4142623868322045,487,"{'estimator__criterion': 'entropy', 'estimator__max_depth': 3, 'estimator__max_features': 'log2', 'estimator__splitter': 'random', 'learning_rate': 0.4142623868322045, 'n_estimators': 487}",0.6855371900826446,0.6990491938817693,0.6742455560148822,0.6940884663083919,0.6713517982637454,0.6848544409102868,0.010789756072968112,77,0.7026663910706904,0.704350521855947,0.7066239537046606,0.706933967138576,0.6938100651028212,0.702876979774539,0.004794237700345028
7.857710218429565,0.30883615735338404,0.26084585189819337,0.02851348810426193,entropy,5,log2,best,0.2812980119359413,367,"{'estimator__criterion': 'entropy', 'estimator__max_depth': 5, 'estimator__max_features': 'log2', 'estimator__splitter': 'best', 'learning_rate': 0.2812980119359413, 'n_estimators': 367}",0.7475206611570248,0.7552707730467135,0.7627118644067796,0.7631252583712278,0.7631252583712278,0.7583507630705947,0.006186893592450543,49,0.8513848697809012,0.8447866074196548,0.8441665805518239,0.8367262581378526,0.8499534979849127,0.845403562775029,0.005170770128521449
2.6361392974853515,0.038174222262888774,0.10944628715515137,0.008790354335737077,entropy,2,,random,0.6819838529856675,164,"{'estimator__criterion': 'entropy', 'estimator__max_depth': 2, 'estimator__max_features': None, 'estimator__splitter': 'random', 'learning_rate': 0.6819838529856675, 'n_estimators': 164}",0.6512396694214876,0.6779661016949152,0.6672178586192642,0.6742455560148822,0.6473749483257545,0.6636088268152607,0.012237902810876817,83,0.6647374948325755,0.6641521132582412,0.6705590575591609,0.6757259481244188,0.6507181977885709,0.6651785623125934,0.008373139875967077
3.8359806060791017,0.15737593294098137,0.08356175422668458,0.0033935950262580384,entropy,10,log2,best,0.703853447910059,90,"{'estimator__criterion': 'entropy', 'estimator__max_depth': 10, 'estimator__max_features': 'log2', 'estimator__splitter': 'best', 'learning_rate': 0.703853447910059, 'n_estimators': 90}",0.8066115702479338,0.8102521703183133,0.8052914427449359,0.8098387763538653,0.8160396858205871,0.8096067290971272,0.003726822918749506,31,0.9987598181066556,0.9992766353208639,0.9993799731321691,0.9987599462643382,0.9990699596982536,0.9990492665044559,0.00025650662248319367
4.162533235549927,0.11349286232244675,0.22060461044311525,0.011930197045886689,entropy,2,log2,best,0.30228880750218245,337,"{'estimator__criterion': 'entropy', 'estimator__max_depth': 2, 'estimator__max_features': 'log2', 'estimator__splitter': 'best', 'learning_rate': 0.30228880750218245, 'n_estimators': 337}",0.6694214876033058,0.6812732534105002,0.6738321620504341,0.673418768085986,0.6746589499793303,0.6745209242259113,0.003829004985234961,81,0.6756924348904506,0.6737625297096208,0.6763459749922497,0.6894698770280046,0.6733491784644001,0.6777239990169451,0.0059803703431013265
0.04687376022338867,0.01557713669953884,0.004381370544433594,0.0017041219368874748,gini,,log2,random,0.03928042411302767,305,"{'estimator__criterion': 'gini', 'estimator__max_depth': None, 'estimator__max_features': 'log2', 'estimator__splitter': 'random', 'learning_rate': 0.03928042411302767, 'n_estimators': 305}",0.6549586776859504,0.6767259198015709,0.6473749483257545,0.6696982224059529,0.6242248863166597,0.6545965309071777,0.01839831589774403,89,1.0,1.0,1.0,1.0,1.0,1.0,0.0
4.361641836166382,0.04308501915439136,0.17700815200805664,0.009621825457288844,gini,3,sqrt,best,0.9506199828256515,273,"{'estimator__criterion': 'gini', 'estimator__max_depth': 3, 'estimator__max_features': 'sqrt', 'estimator__splitter': 'best', 'learning_rate': 0.9506199828256515, 'n_estimators': 273}",0.6256198347107438,0.6502687060768912,0.649441918147995,0.649028524183547,0.6581231914014055,0.6464964349041166,0.01095747488923525,93,0.663290615957007,0.6900899038958355,0.6728324894078743,0.6777927043505219,0.6838896352175261,0.6775790697657531,0.00919869321181901
28.13934235572815,0.06467413421247814,0.32681827545166015,0.013129549688236902,gini,2,,best,0.22316480526953508,479,"{'estimator__criterion': 'gini', 'estimator__max_depth': 2, 'estimator__max_features': None, 'estimator__splitter': 'best', 'learning_rate': 0.22316480526953508, 'n_estimators': 479}",0.6570247933884298,0.638693675072344,0.6114096734187681,0.6151302190988012,0.6151302190988012,0.6274777160154288,0.01767444976203144,97,0.6625671765192228,0.6403844166580552,0.6287072439805725,0.6275705280562157,0.6238503668492301,0.6366159464126593,0.014106699833957376
3.3833466529846192,0.05257197704039303,0.1328266143798828,0.012395599512823516,gini,7,log2,best,0.9504912753615781,164,"{'estimator__criterion': 'gini', 'estimator__max_depth': 7, 'estimator__max_features': 'log2', 'estimator__splitter': 'best', 'learning_rate': 0.9504912753615781, 'n_estimators': 164}",0.7652892561983471,0.7643654402645721,0.7676725919801571,0.7651922281934683,0.7701529557668458,0.7665344944806781,0.0021187553589683233,47,0.9352004960727573,0.9275601942750853,0.9288002480107471,0.9299369639351038,0.9260101271055079,0.9295016058798403,0.003134271589331052
0.41115655899047854,0.023947435436880733,0.03516950607299805,0.0023587943423527503,gini,3,log2,random,0.047840149071081466,56,"{'estimator__criterion': 'gini', 'estimator__max_depth': 3, 'estimator__max_features': 'log2', 'estimator__splitter': 'random', 'learning_rate': 0.047840149071081466, 'n_estimators': 56}",0.6169421487603306,0.6291856138900372,0.6118230673832162,0.6035551880942538,0.628358825961141,0.6179729688177957,0.009801486792891076,98,0.6194708557255064,0.6238503668492301,0.6181667872274466,0.6033894802108092,0.6447246047328717,0.6219204189491728,0.013320971359240034
11.101276159286499,0.5343515401095053,0.3323394775390625,0.024377256242109766,entropy,4,sqrt,best,0.18257299942255,453,"{'estimator__criterion': 'entropy', 'estimator__max_depth': 4, 'estimator__max_features': 'sqrt', 'estimator__splitter': 'best', 'learning_rate': 0.18257299942255, 'n_estimators': 453}",0.7516528925619834,0.7494832575444399,0.7523770152955767,0.7581645307978504,0.7540305911533691,0.7531416574706439,0.0029053209179932533,50,0.791649441918148,0.7891908649374806,0.7915676345974992,0.7936343908236023,0.8017980779167098,0.793568082038688,0.0043492580616794636
2.6302709579467773,0.08028507602762104,0.15548524856567383,0.01495568053047924,gini,12,sqrt,random,0.8626616487052644,140,"{'estimator__criterion': 'gini', 'estimator__max_depth': 12, 'estimator__max_features': 'sqrt', 'estimator__splitter': 'random', 'learning_rate': 0.8626616487052644, 'n_estimators': 140}",0.790495867768595,0.7945431996692849,0.7990905332782141,0.8131459280694502,0.8028110789582472,0.8000173215487582,0.007767218531440465,34,1.0,1.0,1.0,1.0,1.0,1.0,0.0
13.765432691574096,0.12627215384055004,0.3272390365600586,0.011042170819547252,gini,7,,random,0.162229929037222,341,"{'estimator__criterion': 'gini', 'estimator__max_depth': 7, 'estimator__max_features': None, 'estimator__splitter': 'random', 'learning_rate': 0.162229929037222, 'n_estimators': 341}",0.843801652892562,0.8536585365853658,0.8598594460520876,0.8602728400165358,0.8491112029764365,0.8533407357045976,0.00631714651055904,16,0.9772633319553534,0.9745788984189315,0.9754056009093728,0.9776790327580862,0.9759222899658985,0.9761698308015285,0.0011532410813406258
7.113642358779908,0.13766739355684735,0.2095264434814453,0.03804782370686973,entropy,4,,random,0.8752558640599112,268,"{'estimator__criterion': 'entropy', 'estimator__max_depth': 4, 'estimator__max_features': None, 'estimator__splitter': 'random', 'learning_rate': 0.8752558640599112, 'n_estimators': 268}",0.6632231404958677,0.6792062835882596,0.6866473749483257,0.6680446465481604,0.6655642827614717,0.6725371456684172,0.008934540041259096,82,0.6968788755684167,0.7119975198925287,0.7068306293272708,0.693086700423685,0.7021804278185388,0.702194830606088,0.006764628117675821
2.3615923881530763,0.021999278680771867,0.08345985412597656,0.01736702053352394,gini,10,log2,best,0.5942652666933961,77,"{'estimator__criterion': 'gini', 'estimator__max_depth': 10, 'estimator__max_features': 'log2', 'estimator__splitter': 'best', 'learning_rate': 0.5942652666933961, 'n_estimators': 77}",0.8053719008264463,0.8119057461761058,0.8057048367093841,0.8205870194295163,0.8085985944605208,0.8104336195203947,0.005596577285908714,30,0.9990698635799917,0.9982432572078124,0.9970032034721504,0.9992766353208639,0.9978299059625917,0.998284573108682,0.0008308075493148369
41.8787624835968,2.830308638070858,0.10984101295471191,0.00883758159673337,entropy,7,,best,0.9561986675312871,131,"{'estimator__criterion': 'entropy', 'estimator__max_depth': 7, 'estimator__max_features': None, 'estimator__splitter': 'best', 'learning_rate': 0.9561986675312871, 'n_estimators': 131}",0.8330578512396695,0.8354692021496486,0.8379495659363373,0.8420835055808186,0.8346424142207524,0.8366405078254452,0.003147685529196394,23,0.9789169078131459,0.9806758292859358,0.98015914022941,0.9810891805311563,0.977575694946781,0.9796833505612857,0.0012819824029129821
1.7902985572814942,0.024700842372426687,0.1342855453491211,0.014120897807110865,gini,7,sqrt,random,0.1974553270396462,164,"{'estimator__criterion': 'gini', 'estimator__max_depth': 7, 'estimator__max_features': 'sqrt', 'estimator__splitter': 'random', 'learning_rate': 0.1974553270396462, 'n_estimators': 164}",0.7785123966942149,0.7871021083092187,0.7775940471269119,0.798677139313766,0.7891690781314593,0.7862109539151142,0.00772618015978202,39,0.8776353865233567,0.8743412214529296,0.8768213289242534,0.8794047742068823,0.8880851503565155,0.8792575722927876,0.00470499897718515
38.14957756996155,1.1536896823605498,0.11589164733886718,0.013181975534109673,entropy,7,,best,0.10676305429730758,124,"{'estimator__criterion': 'entropy', 'estimator__max_depth': 7, 'estimator__max_features': None, 'estimator__splitter': 'best', 'learning_rate': 0.10676305429730758, 'n_estimators': 124}",0.8396694214876033,0.8424968995452666,0.8416701116163704,0.836709384042993,0.8321620504340637,0.8385415734252593,0.0037619045364886416,22,0.9574204216618437,0.9658985222692983,0.959078226723158,0.9636250904205849,0.963005063552754,0.9618054649255278,0.0031038564678459095
1.2846996307373046,0.05658234777780488,0.10090017318725586,0.005357434571860778,gini,7,log2,random,0.8592941059895992,131,"{'estimator__criterion': 'gini', 'estimator__max_depth': 7, 'estimator__max_features': 'log2', 'estimator__splitter': 'random', 'learning_rate': 0.8592941059895992, 'n_estimators': 131}",0.6991735537190082,0.7197188921041753,0.7151715584952459,0.7164117403885903,0.7155849524596941,0.7132121394333428,0.007198982291533946,67,0.7999173212071103,0.8163687093107368,0.810581791877648,0.8132685749715821,0.8174020874237884,0.811507696958173,0.006271651803153398
2.7346017837524412,0.048888252528607436,0.12827777862548828,0.007139684046818624,gini,4,log2,best,0.22792955195942066,184,"{'estimator__criterion': 'gini', 'estimator__max_depth': 4, 'estimator__max_features': 'log2', 'estimator__splitter': 'best', 'learning_rate': 0.22792955195942066, 'n_estimators': 184}",0.7169421487603306,0.732534105002067,0.7267465894997933,0.7366680446465481,0.7321207110376189,0.7290023197892715,0.006804369959676414,61,0.7668458040512609,0.7661465330164308,0.7655265061485997,0.7639764389790225,0.7745168957321484,0.7674024355854925,0.003681283393219749
16.151198148727417,0.5793238771526735,0.3840688705444336,0.024367979258680634,entropy,10,log2,best,0.18317523433678706,383,"{'estimator__criterion': 'entropy', 'estimator__max_depth': 10, 'estimator__max_features': 'log2', 'estimator__splitter': 'best', 'learning_rate': 0.18317523433678706, 'n_estimators': 383}",0.8297520661157025,0.8391897478296817,0.8449772633319553,0.8420835055808186,0.8387763538652335,0.8389557873446783,0.0051153927077562,21,1.0,1.0,1.0,1.0,1.0,1.0,0.0
20.320467281341553,0.5285427353285377,0.3437073230743408,0.016937170587601025,gini,15,,random,0.2837628057640005,245,"{'estimator__criterion': 'gini', 'estimator__max_depth': 15, 'estimator__max_features': None, 'estimator__splitter': 'random', 'learning_rate': 0.2837628057640005, 'n_estimators': 245}",0.868595041322314,0.8726746589499793,0.8639933856965688,0.8718478710210831,0.8639933856965688,0.8682208685373028,0.003711458572255422,9,1.0,1.0,1.0,1.0,1.0,1.0,0.0
4.9139636039733885,0.14232000842629935,0.36003928184509276,0.027088673154922645,gini,7,sqrt,random,0.6423388337201275,429,"{'estimator__criterion': 'gini', 'estimator__max_depth': 7, 'estimator__max_features': 'sqrt', 'estimator__splitter': 'random', 'learning_rate': 0.6423388337201275, 'n_estimators': 429}",0.7677685950413223,0.7709797436957421,0.7610582885489872,0.7891690781314593,0.7784208350558082,0.7734793080946638,0.009630465874829583,46,0.9143241008681273,0.9191898315593676,0.9136095897488892,0.9173297509558748,0.9190864937480624,0.9167079533760643,0.002344628575874619
3.8448196411132813,0.050372139007580335,0.22726430892944335,0.02331398699718397,gini,3,log2,best,0.3999602451883677,301,"{'estimator__criterion': 'gini', 'estimator__max_depth': 3, 'estimator__max_features': 'log2', 'estimator__splitter': 'best', 'learning_rate': 0.3999602451883677, 'n_estimators': 301}",0.693801652892562,0.7106242248863167,0.7007027697395618,0.7031831335262505,0.6932616783794957,0.7003146918848373,0.006431636012734911,71,0.7278834229020257,0.726671489097861,0.7302883124935414,0.7270848403430815,0.7352485274361888,0.7294353184545397,0.0031652133377102695
5.3216628074646,0.09608084125184026,0.2954082012176514,0.015130092101554027,entropy,2,log2,best,0.5791953263891093,424,"{'estimator__criterion': 'entropy', 'estimator__max_depth': 2, 'estimator__max_features': 'log2', 'estimator__splitter': 'best', 'learning_rate': 0.5791953263891093, 'n_estimators': 424}",0.6409090909090909,0.666391070690368,0.6572964034725093,0.6601901612236462,0.6469615543613063,0.6543496561313841,0.009198079424164814,90,0.6698015708970649,0.657435155523406,0.6585718714477627,0.6670455719747855,0.6729358272191795,0.6651579994124398,0.006142307237573279
1.9776373386383057,0.03365868036940872,0.08177685737609863,0.006853468657900312,gini,4,sqrt,best,0.6326592619500021,101,"{'estimator__criterion': 'gini', 'estimator__max_depth': 4, 'estimator__max_features': 'sqrt', 'estimator__splitter': 'best', 'learning_rate': 0.6326592619500021, 'n_estimators': 101}",0.6946280991735537,0.6887143447705664,0.6957420421661844,0.7019429516329062,0.7110376188507648,0.698413011318795,0.007581094418783833,72,0.7478296816866474,0.7302883124935414,0.7394853776997004,0.7416554717371087,0.7493024697736902,0.7417122626781376,0.006789741362045564
9.342414665222169,1.0709570664565566,0.22117695808410645,0.060083184075199615,entropy,10,log2,best,0.0991646794699511,203,"{'estimator__criterion': 'entropy', 'estimator__max_depth': 10, 'estimator__max_features': 'log2', 'estimator__splitter': 'best', 'learning_rate': 0.0991646794699511, 'n_estimators': 203}",0.8334710743801653,0.8379495659363373,0.8272013228606863,0.8379495659363373,0.836709384042993,0.8346561826313039,0.004071554960729315,24,1.0,1.0,1.0,1.0,0.9998966621886949,0.999979332437739,4.133512452204613e-05
15.29050784111023,0.10221725917272696,0.3387552261352539,0.010127282133181426,entropy,5,,random,0.48031392387934324,457,"{'estimator__criterion': 'entropy', 'estimator__max_depth': 5, 'estimator__max_features': None, 'estimator__splitter': 'random', 'learning_rate': 0.48031392387934324, 'n_estimators': 457}",0.7669421487603306,0.7560975609756098,0.7527904092600248,0.7627118644067796,0.7664324100868127,0.7609948786979114,0.005642372698705349,48,0.8303017775940471,0.8210189108194689,0.8181254521029244,0.8139919396507181,0.8274258551203886,0.8221727870575094,0.005971830977462171
47.94785523414612,3.0792698151966804,0.11363849639892579,0.01600069936210607,entropy,15,,best,0.7082687244725351,74,"{'estimator__criterion': 'entropy', 'estimator__max_depth': 15, 'estimator__max_features': None, 'estimator__splitter': 'best', 'learning_rate': 0.7082687244725351, 'n_estimators': 74}",0.8669421487603306,0.87474162877222,0.8755684167011162,0.8718478710210831,0.8697809011988425,0.8717761932907184,0.0031789646345947936,5,1.0,1.0,1.0,1.0,1.0,1.0,0.0
3.8836068153381347,0.07989555042840434,0.3291977882385254,0.03983579723691508,entropy,3,sqrt,random,0.22616068531842026,488,"{'estimator__criterion': 'entropy', 'estimator__max_depth': 3, 'estimator__max_features': 'sqrt', 'estimator__splitter': 'random', 'learning_rate': 0.22616068531842026, 'n_estimators': 488}",0.6946280991735537,0.6932616783794957,0.7031831335262505,0.6986357999173212,0.6924348904505995,0.6964287202894441,0.003992902861361421,73,0.7184787102108309,0.7100341014777307,0.7216079363439082,0.7119975198925287,0.725431435362199,0.7175099406574396,0.005775069100568681
17.307332134246828,0.287554572024321,0.2763338565826416,0.02179533281426117,entropy,12,,random,0.09839490563911611,256,"{'estimator__criterion': 'entropy', 'estimator__max_depth': 12, 'estimator__max_features': None, 'estimator__splitter': 'random', 'learning_rate': 0.09839490563911611, 'n_estimators': 256}",0.8665289256198347,0.8776353865233567,0.8743282348077718,0.8759818106655642,0.8689541132699462,0.8726856941772947,0.004240100779129915,4,1.0,1.0,1.0,1.0,1.0,1.0,0.0
0.4457698345184326,0.01905714824352392,0.005484580993652344,0.0013781008994637881,gini,,,best,0.526111381082457,92,"{'estimator__criterion': 'gini', 'estimator__max_depth': None, 'estimator__max_features': None, 'estimator__splitter': 'best', 'learning_rate': 0.526111381082457, 'n_estimators': 92}",0.8090909090909091,0.7833815626291856,0.8028110789582472,0.7974369574204216,0.7904092600248036,0.7966259536247134,0.00903714323755018,35,1.0,1.0,1.0,1.0,1.0,1.0,0.0
8.230752563476562,0.26975008851129784,0.23893241882324218,0.0292795410526363,gini,7,sqrt,best,0.7373439272829595,286,"{'estimator__criterion': 'gini', 'estimator__max_depth': 7, 'estimator__max_features': 'sqrt', 'estimator__splitter': 'best', 'learning_rate': 0.7373439272829595, 'n_estimators': 286}",0.8004132231404959,0.8052914427449359,0.7970235634559736,0.8085985944605208,0.812732534105002,0.8048118715813857,0.005609135495603527,32,0.9659983464241422,0.9661051978919086,0.9609383073266509,0.9640384416658055,0.9604216182701251,0.9635003823157264,0.002423114237306878
4.507445001602173,0.1518693735729631,0.322649621963501,0.11918887501398043,entropy,2,log2,best,0.5929828092650614,371,"{'estimator__criterion': 'entropy', 'estimator__max_depth': 2, 'estimator__max_features': 'log2', 'estimator__splitter': 'best', 'learning_rate': 0.5929828092650614, 'n_estimators': 371}",0.6223140495867768,0.6585365853658537,0.6362133112856553,0.6428276147168251,0.6233980983877635,0.6366579318685749,0.013405284746081792,94,0.628255477470029,0.6683889635217526,0.6525782783920636,0.650821535599876,0.6428645241293789,0.64858175582262,0.013108459961692418
84.41194138526916,4.849144979537533,0.25038738250732423,0.05582296363448621,entropy,5,,best,0.9150040586103465,382,"{'estimator__criterion': 'entropy', 'estimator__max_depth': 5, 'estimator__max_features': None, 'estimator__splitter': 'best', 'learning_rate': 0.9150040586103465, 'n_estimators': 382}",0.7760330578512397,0.7912360479536998,0.7747002893757751,0.7895824720959074,0.7957833815626292,0.7854670497678502,0.008503741241707751,42,0.888900372054568,0.8881884881678206,0.8824015707347318,0.8843649891495298,0.8890151906582618,0.8865741221529824,0.002693209447735074
2.4978777408599853,0.06044201395810961,0.18485937118530274,0.04293992973903723,entropy,7,sqrt,random,0.7684102753699222,216,"{'estimator__criterion': 'entropy', 'estimator__max_depth': 7, 'estimator__max_features': 'sqrt', 'estimator__splitter': 'random', 'learning_rate': 0.7684102753699222, 'n_estimators': 216}",0.7570247933884298,0.7428689541132699,0.7602315006200909,0.7519636213311286,0.7490698635799917,0.7522317466065822,0.006077839096909873,51,0.8790822653989252,0.8810581791877649,0.875891288622507,0.8733078433398781,0.8766146533016431,0.8771908459701436,0.0026695426720458365
11.690919399261475,0.049484570327768145,0.36954383850097655,0.02306756806932178,gini,10,log2,best,0.03899687895727132,409,"{'estimator__criterion': 'gini', 'estimator__max_depth': 10, 'estimator__max_features': 'log2', 'estimator__splitter': 'best', 'learning_rate': 0.03899687895727132, 'n_estimators': 409}",0.8367768595041323,0.8466308391897478,0.8400165357585779,0.8466308391897478,0.840429929723026,0.8420970006730464,0.003912102893865688,19,1.0,0.9996899865660845,0.9996899865660845,1.0,0.9998966621886949,0.9998553270641727,0.00014017422720109736
0.06705222129821778,0.0038425227711786306,0.004805612564086914,0.001466372156364295,gini,,sqrt,best,0.09312870268808203,123,"{'estimator__criterion': 'gini', 'estimator__max_depth': None, 'estimator__max_features': 'sqrt', 'estimator__splitter': 'best', 'learning_rate': 0.09312870268808203, 'n_estimators': 123}",0.7115702479338843,0.7031831335262505,0.6816866473749483,0.7358412567176519,0.6969822240595287,0.7058527019224528,0.017898681048776108,69,1.0,1.0,1.0,1.0,1.0,1.0,0.0
0.07787885665893554,0.01364443480676111,0.004677677154541015,0.0018105361760572206,entropy,,log2,best,0.9740873782108127,405,"{'estimator__criterion': 'entropy', 'estimator__max_depth': None, 'estimator__max_features': 'log2', 'estimator__splitter': 'best', 'learning_rate': 0.9740873782108127, 'n_estimators': 405}",0.6549586776859504,0.670111616370401,0.6883009508061182,0.6932616783794957,0.7069036792062836,0.6827073204896499,0.018203218866097548,78,1.0,1.0,1.0,1.0,1.0,1.0,0.0
21.00851011276245,0.6245062206928883,0.32081379890441897,0.05365483186377603,entropy,15,sqrt,best,0.5301462430954473,255,"{'estimator__criterion': 'entropy', 'estimator__max_depth': 15, 'estimator__max_features': 'sqrt', 'estimator__splitter': 'best', 'learning_rate': 0.5301462430954473, 'n_estimators': 255}",0.8371900826446281,0.8458040512608516,0.8362959900785448,0.8433236874741629,0.843737081438611,0.8412701785793597,0.0038012693687306176,20,1.0,1.0,1.0,1.0,1.0,1.0,0.0
0.8506235122680664,0.04594387276681061,0.056006002426147464,0.002238037299458671,gini,7,sqrt,random,0.6750990137507443,78,"{'estimator__criterion': 'gini', 'estimator__max_depth': 7, 'estimator__max_features': 'sqrt', 'estimator__splitter': 'random', 'learning_rate': 0.6750990137507443, 'n_estimators': 78}",0.7231404958677686,0.7321207110376189,0.7234394377842084,0.7337742868954114,0.7288135593220338,0.7282576981814082,0.004360412681118978,62,0.8138693675072344,0.8129585615376667,0.8219489511212152,0.8221556267438256,0.8243257207812339,0.8190516455382353,0.00468671797451512
4.326332712173462,0.08723773629593166,0.19373846054077148,0.008237569337101866,gini,5,log2,best,0.6767371794057049,266,"{'estimator__criterion': 'gini', 'estimator__max_depth': 5, 'estimator__max_features': 'log2', 'estimator__splitter': 'best', 'learning_rate': 0.6767371794057049, 'n_estimators': 266}",0.7206611570247934,0.7263331955353451,0.7436957420421662,0.7362546506821,0.729226953286482,0.7312343397141773,0.008004162378531993,60,0.8294749896651509,0.8255657745168957,0.8259791257621164,0.8343494884778341,0.8291825979125762,0.8289103952669148,0.0031545340366878906
9.502430629730224,0.7447311019360997,0.11605429649353027,0.027037400082245117,entropy,15,,random,0.7069701207275125,116,"{'estimator__criterion': 'entropy', 'estimator__max_depth': 15, 'estimator__max_features': None, 'estimator__splitter': 'random', 'learning_rate': 0.7069701207275125, 'n_estimators': 116}",0.8512396694214877,0.8615130219098801,0.8503513848697809,0.8606862339809839,0.8511781727986771,0.8549936965961619,0.005002171217900134,15,1.0,1.0,1.0,1.0,1.0,1.0,0.0
